Workbook
Name Slicer_AGENT_NAME: #N/A

Sheet Code
C6: with
C7: call_data_five_nine as
C8: (
C9: Select
C10: FBBID,
C11: Date_time_call,
C12: DISPOSITION,
C13: AGENT_NAME,
C14: AGENT_GROUP,
C15: DPD_BUCKET
C16: from analytics.credit.v_five9_call_log
C17: where
... C151: where agent_group = 'Collections Group'
C152: =-- order by call_date desc, EVENT_TIME desc -> #NAME?
C153: )
C154: {=-- Select * from agent_data} -> #NAME?
C155: -- where clean_agent_name in ('Anais Orozco') and call_date = '2026/02/04'
C156: -- order by call_date desc,event_time,CLEAN_AGENT_NAME desc, state, reason_code;
C158: ,
C159: -- CTE 3: Calculate login duration (first login to last logout)
C160: login_hours AS (
C161: SELECT
C162: CLEAN_AGENT_NAME,
C163: AGENT_GROUP,
C164: CALL_DATE,
C165: MIN(EVENT_TIME) AS FIRST_LOGIN_TIME,
C166: MAX(CASE WHEN STATE = 'Logout' THEN EVENT_TIME END) AS LAST_LOGOUT_TIME,
C167: -- Calculate logged in hours (difference between first login and last logout)
... C308: order by a.call_date desc, agent_name

Sheet Data
A1: AGENT_NAME | B1: CALL_DATE | C1: Call_month | D1: UNIQUE_ACCNTS | E1: TOTAL_DIALS | F1: PAYMENT_DISPO | G1: PTP_DISPO | H1: RPC_DISPO | I1: SETTLEMENT_DISPO | J1: THIRD_PARTY_DISPO | K1: NOT_ANSWERED_DISPO | L1: CLEAN_AGENT_NAME | M1: AGENT_GROUP | N1: CALL_DATE | O1: FIRST_LOGIN_TIME | P1: LAST_LOGOUT_TIME | Q1: LOGGED_IN_HOURS | R1: TOTAL_TRACKED_HOURS | S1: CALL_TIME_HOURS | T1: EMAIL_TIME_HOURS | U1: SMS_TIME_HOURS | V1: WRAP_TIME_HOURS | W1: IDLE_TIME_HOURS | X1: BREAK_LUNCH_HOURS | Y1: MEETING_TRAINING_HOURS | Z1: RESEARCH_TASK_HOURS | AA1: TECH_SYSTEM_HOURS | AB1: OTHER_TIME_HOURS | AC1: SUM_ALL_ACTIVITIES_HOURS | AD1: CALL_TIME_PCT | AE1: EMAIL_TIME_PCT | AF1: SMS_TIME_PCT | AG1: WRAP_TIME_PCT | AH1: IDLE_TIME_PCT | AI1: BREAK_LUNCH_PCT | AJ1: MEETING_TRAINING_PCT | AK1: RESEARCH_TASK_PCT | AL1: TECH_SYSTEM_PCT | AM1: OTHER_TIME_PCT | AN1: week_day | AO1: Call_day
A2: Anais Orozco | B2: 46057 | C2: =EOMONTH(B2,0) -> 46081 | D2: 52 | E2: 132 | F2: 3 | G2: 6 | H2: 11 | I2: 2 | J2: 9 | K2: 70 | L2: Anais Orozco | M2: Collections Group | N2: 46057 | O2: 0.58391204 | P2: 0.95898148 | Q2: 9 | R2: 8.11 | S2: 3.21 | T2: 0.39 | U2: 0 | V2: 0.48 | W2: 3.35 | X2: 0.68 | Y2: 0 | Z2: 0 | AA2: 0 | AB2: 0.01 | AC2: 8.11 | AD2: 39.52 | AE2: 4.85 | AF2: 0 | AG2: 5.88 | AH2: 41.24 | AI2: 8.34 | AJ2: 0 | AK2: 0 | AL2: 0 | AM2: 0.17 | AN2: =WEEKDAY(B2,1) -> 4 | AO2: =VLOOKUP(AN2,$AY$2:$AZ$8,2,FALSE) -> Wednesday | AY2: 1 | AZ2: Sunday
A3: Derice Warnsley | B3: 46057 | C3: =EOMONTH(B3,0) -> 46081 | D3: 65 | E3: 159 | F3: 12 | G3: 8 | H3: 26 | I3: 0 | J3: 7 | K3: 65 | L3: Derice Warnsley | M3: Collections Group | N3: 46057 | O3: 0.58365741 | P3: 0.95836806 | Q3: 9 | R3: 8.99 | S3: 3.83 | T3: 0.24 | U3: 0 | V3: 0.12 | W3: 3.3 | X3: 1.5 | Y3: 0 | Z3: 0 | AA3: 0 | AB3: 0 | AC3: 8.99 | AD3: 42.58 | AE3: 2.65 | AF3: 0 | AG3: 1.31 | AH3: 36.69 | AI3: 16.72 | AJ3: 0 | AK3: 0 | AL3: 0 | AM3: 0.05 | AN3: =WEEKDAY(B3,1) -> 4 | AO3: =VLOOKUP(AN3,$AY$2:$AZ$8,2,FALSE) -> Wednesday | AY3: 2 | AZ3: Monday
A4: Isiah Thomas | B4: 46057 | C4: =EOMONTH(B4,0) -> 46081 | D4: 67 | E4: 179 | F4: 3 | G4: 2 | H4: 18 | I4: 0 | J4: 0 | K4: 107 | L4: Isiah Thomas | M4: Collections Group | N4: 46057 | O4: 0.58369213 | P4: 0.95835648 | Q4: 9 | R4: 8.99 | S4: 2.57 | T4: 0.59 | U4: 0 | V4: 0.4 | W4: 3.89 | X4: 1.52 | Y4: 0 | Z4: 0 | AA4: 0 | AB4: 0 | AC4: 8.99 | AD4: 28.63 | AE4: 6.6 | AF4: 0 | AG4: 4.49 | AH4: 43.28 | AI4: 16.96 | AJ4: 0 | AK4: 0 | AL4: 0 | AM4: 0.04 | AN4: =WEEKDAY(B4,1) -> 4 | AO4: =VLOOKUP(AN4,$AY$2:$AZ$8,2,FALSE) -> Wednesday | AY4: 3 | AZ4: Tuesday
A5: Jerrod Coleman | B5: 46057 | C5: =EOMONTH(B5,0) -> 46081 | D5: 65 | E5: 150 | F5: 6 | G5: 10 | H5: 14 | I5: 0 | J5: 5 | K5: 60 | L5: Jerrod Coleman | M5: Collections Group | N5: 46057 | O5: 0.58333333 | P5: 0.95697917 | Q5: 8.97 | R5: 8.97 | S5: 3.4 | T5: 0.32 | U5: 0 | V5: 0.37 | W5: 3.47 | X5: 1.4 | Y5: 0 | Z5: 0 | AA5: 0 | AB5: 0 | AC5: 8.97 | AD5: 37.97 | AE5: 3.53 | AF5: 0 | AG5: 4.07 | AH5: 38.75 | AI5: 15.62 | AJ5: 0 | AK5: 0 | AL5: 0 | AM5: 0.05 | AN5: =WEEKDAY(B5,1) -> 4 | AO5: =VLOOKUP(AN5,$AY$2:$AZ$8,2,FALSE) -> Wednesday | AY5: 4 | AZ5: Wednesday
A6: Rosette Rwabugahya | B6: 46057 | C6: =EOMONTH(B6,0) -> 46081 | D6: 2 | E6: 2 | F6: 0 | G6: 0 | H6: 0 | I6: 0 | J6: 0 | K6: 0 | L6: Rosette Rwabugahya | M6: Collections Group | N6: 46057 | O6: 0.88861111 | P6: 0.9077662 | Q6: 0.47 | R6: 0.46 | S6: 0.45 | T6: 0 | U6: 0 | V6: 0.01 | W6: 0 | X6: 0 | Y6: 0 | Z6: 0 | AA6: 0 | AB6: 0.01 | AC6: 0.46 | AD6: 97.46 | AE6: 0 | AF6: 0 | AG6: 1.15 | AH6: 0 | AI6: 0 | AJ6: 0 | AK6: 0 | AL6: 0 | AM6: 1.39 | AN6: =WEEKDAY(B6,1) -> 4 | AO6: =VLOOKUP(AN6,$AY$2:$AZ$8,2,FALSE) -> Wednesday | AY6: 5 | AZ6: Thursday
A7: Sabigh Masood | B7: 46057 | C7: =EOMONTH(B7,0) -> 46081 | D7: 63 | E7: 167 | F7: 4 | G7: 8 | H7: 23 | I7: 0 | J7: 2 | K7: 85 | L7: Sabigh Masood | M7: Collections Group | N7: 46057 | O7: 0.58329861 | P7: 0.95902778 | Q7: 9.03 | R7: 9.02 | S7: 2.71 | T7: 0.2 | U7: 0 | V7: 0.58 | W7: 4.08 | X7: 1.45 | Y7: 0 | Z7: 0 | AA7: 0 | AB7: 0 | AC7: 9.02 | AD7: 30.1 | AE7: 2.18 | AF7: 0 | AG7: 6.4 | AH7: 45.2 | AI7: 16.08 | AJ7: 0 | AK7: 0 | AL7: 0 | AM7: 0.05 | AN7: =WEEKDAY(B7,1) -> 4 | AO7: =VLOOKUP(AN7,$AY$2:$AZ$8,2,FALSE) -> Wednesday | AY7: 6 | AZ7: Friday
B8: 46057 | C8: =EOMONTH(B8,0) -> 46081 | D8: 1307 | E8: 0 | F8: 0 | G8: 0 | H8: 0 | I8: 0 | J8: 0 | K8: 0 | AN8: =WEEKDAY(B8,1) -> 4 | AO8: =VLOOKUP(AN8,$AY$2:$AZ$8,2,FALSE) -> Wednesday | AY8: 7 | AZ8: Saturday
A9: Anais Orozco | B9: 46056 | C9: =EOMONTH(B9,0) -> 46081 | D9: 55 | E9: 131 | F9: 13 | G9: 6 | H9: 19 | I9: 1 | J9: 9 | K9: 55 | L9: Anais Orozco | M9: Collections Group | N9: 46056 | O9: 0.58475694 | P9: 0.95847222 | Q9: 8.97 | R9: 8.97 | S9: 3.62 | T9: 0.44 | U9: 0 | V9: 0.5 | W9: 2.89 | X9: 1.5 | Y9: 0 | Z9: 0 | AA9: 0 | AB9: 0 | AC9: 8.97 | AD9: 40.39 | AE9: 4.91 | AF9: 0 | AG9: 5.62 | AH9: 32.25 | AI9: 16.78 | AJ9: 0 | AK9: 0 | AL9: 0 | AM9: 0.05 | AN9: =WEEKDAY(B9,1) -> 3 | AO9: =VLOOKUP(AN9,$AY$2:$AZ$8,2,FALSE) -> Tuesday
A10: Derice Warnsley | B10: 46056 | C10: =EOMONTH(B10,0) -> 46081 | D10: 70 | E10: 160 | F10: 33 | G10: 13 | H10: 19 | I10: 0 | J10: 2 | K10: 70 | L10: Derice Warnsley | M10: Collections Group | N10: 46056 | O10: 0.58236111 | P10: 0.95842593 | Q10: 9.03 | R10: 9 | S10: 3.31 | T10: 0.21 | U10: 0 | V10: 0.15 | W10: 3.79 | X10: 1.51 | Y10: 0 | Z10: 0 | AA10: 0 | AB10: 0.04 | AC10: 9 | AD10: 36.79 | AE10: 2.29 | AF10: 0 | AG10: 1.66 | AH10: 42.11 | AI10: 16.73 | AJ10: 0 | AK10: 0 | AL10: 0 | AM10: 0.43 | AN10: =WEEKDAY(B10,1) -> 3 | AO10: =VLOOKUP(AN10,$AY$2:$AZ$8,2,FALSE) -> Tuesday
A11: Isiah Thomas | B11: 46056 | C11: =EOMONTH(B11,0) -> 46081 | D11: 62 | E11: 143 | F11: 18 | G11: 7 | H11: 16 | I11: 0 | J11: 1 | K11: 74 | L11: Isiah Thomas | M11: Collections Group | N11: 46056 | O11: 0.58391204 | P11: 0.95853009 | Q11: 9 | R11: 8.95 | S11: 2.99 | T11: 0.66 | U11: 0 | V11: 0.38 | W11: 3.38 | X11: 1.53 | Y11: 0 | Z11: 0 | AA11: 0 | AB11: 0.01 | AC11: 8.95 | AD11: 33.37 | AE11: 7.37 | AF11: 0 | AG11: 4.29 | AH11: 37.82 | AI11: 17.07 | AJ11: 0 | AK11: 0 | AL11: 0 | AM11: 0.07 | AN11: =WEEKDAY(B11,1) -> 3 | AO11: =VLOOKUP(AN11,$AY$2:$AZ$8,2,FALSE) -> Tuesday
A12: Jerrod Coleman | B12: 46056 | C12: =EOMONTH(B12,0) -> 46081 | D12: 59 | E12: 118 | F12: 13 | G12: 14 | H12: 7 | I12: 0 | J12: 5 | K12: 47 | L12: Jerrod Coleman | M12: Collections Group | N12: 46056 | O12: 0.58318287 | P12: 0.95777778 | Q12: 9 | R12: 8.11 | S12: 3.17 | T12: 1.39 | U12: 0 | V12: 0.29 | W12: 2.68 | X12: 0.55 | Y12: 0 | Z12: 0 | AA12: 0 | AB12: 0.01 | AC12: 8.11 | AD12: 39.13 | AE12: 17.14 | AF12: 0 | AG12: 3.63 | AH12: 33.12 | AI12: 6.81 | AJ12: 0 | AK12: 0 | AL12: 0 | AM12: 0.17 | AN12: =WEEKDAY(B12,1) -> 3 | AO12: =VLOOKUP(AN12,$AY$2:$AZ$8,2,FALSE) -> Tuesday
A13: Sabigh Masood | B13: 46056 | C13: =EOMONTH(B13,0) -> 46081 | D13: 70 | E13: 207 | F13: 26 | G13: 15 | H13: 34 | I13: 0 | J13: 1 | K13: 76 | L13: Sabigh Masood | M13: Collections Group | N13: 46056 | O13: 0.58347222 | P13: 0.95979167 | Q13: 9.03 | R13: 9.03 | S13: 2.97 | T13: 0.09 | U13: 0 | V13: 0.64 | W13: 3.84 | X13: 1.48 | Y13: 0 | Z13: 0 | AA13: 0.02 | AB13: 0 | AC13: 9.03 | AD13: 32.85 | AE13: 0.95 | AF13: 0 | AG13: 7.04 | AH13: 42.53 | AI13: 16.41 | AJ13: 0 | AK13: 0 | AL13: 0.17 | AM13: 0.04 | AN13: =WEEKDAY(B13,1) -> 3 | AO13: =VLOOKUP(AN13,$AY$2:$AZ$8,2,FALSE) -> Tuesday
B14: 46056 | C14: =EOMONTH(B14,0) -> 46081 | D14: 1412 | E14: 0 | F14: 0 | G14: 0 | H14: 0 | I14: 0 | J14: 0 | K14: 0 | AN14: =WEEKDAY(B14,1) -> 3 | AO14: =VLOOKUP(AN14,$AY$2:$AZ$8,2,FALSE) -> Tuesday
A15: Derice Warnsley | B15: 46055 | C15: =EOMONTH(B15,0) -> 46081 | D15: 83 | E15: 203 | F15: 18 | G15: 9 | H15: 23 | I15: 1 | J15: 1 | K15: 104 | L15: Derice Warnsley | M15: Collections Group | N15: 46055 | O15: 0.58358796 | P15: 0.96056713 | Q15: 9.05 | R15: 9.05 | S15: 3.5 | T15: 0.03 | U15: 0 | V15: 0.15 | W15: 3.86 | X15: 1.5 | Y15: 0 | Z15: 0 | AA15: 0 | AB15: 0.01 | AC15: 9.05 | AD15: 38.68 | AE15: 0.38 | AF15: 0 | AG15: 1.63 | AH15: 42.67 | AI15: 16.54 | AJ15: 0 | AK15: 0 | AL15: 0 | AM15: 0.1 | AN15: =WEEKDAY(B15,1) -> 2 | AO15: =VLOOKUP(AN15,$AY$2:$AZ$8,2,FALSE) -> Monday
A16: Isiah Thomas | B16: 46055 | C16: =EOMONTH(B16,0) -> 46081 | D16: 68 | E16: 161 | F16: 12 | G16: 5 | H16: 5 | I16: 0 | J16: 1 | K16: 94 | L16: Isiah Thomas | M16: Collections Group | N16: 46055 | O16: 0.58387731 | P16: 0.95840278 | Q16: 9 | R16: 9.02 | S16: 2.61 | T16: 0.51 | U16: 0 | V16: 0.26 | W16: 3.14 | X16: 1.51 | Y16: 0.99 | Z16: 0 | AA16: 0 | AB16: 0 | AC16: 9.02 | AD16: 28.91 | AE16: 5.64 | AF16: 0 | AG16: 2.88 | AH16: 34.86 | AI16: 16.73 | AJ16: 10.93 | AK16: 0 | AL16: 0 | AM16: 0.05 | AN16: =WEEKDAY(B16,1) -> 2 | AO16: =VLOOKUP(AN16,$AY$2:$AZ$8,2,FALSE) -> Monday
A17: Rakesh Rajendran | B17: 46055 | C17: =EOMONTH(B17,0) -> 46081 | D17: 1 | E17: 1 | F17: 0 | G17: 0 | H17: 0 | I17: 0 | J17: 0 | K17: 0 | AN17: =WEEKDAY(B17,1) -> 2 | AO17: =VLOOKUP(AN17,$AY$2:$AZ$8,2,FALSE) -> Monday
A18: Rosette Rwabugahya | B18: 46055 | C18: =EOMONTH(B18,0) -> 46081 | D18: 2 | E18: 2 | F18: 0 | G18: 0 | H18: 2 | I18: 0 | J18: 0 | K18: 0 | L18: Rosette Rwabugahya | M18: Collections Group | N18: 46055 | O18: 0.71134259 | P18: 0.90165509 | Q18: 4.57 | R18: 4.57 | S18: 4.55 | T18: 0 | U18: 0 | V18: 0.01 | W18: 0 | X18: 0 | Y18: 0 | Z18: 0 | AA18: 0 | AB18: 0 | AC18: 4.57 | AD18: 99.61 | AE18: 0 | AF18: 0 | AG18: 0.29 | AH18: 0 | AI18: 0 | AJ18: 0 | AK18: 0 | AL18: 0 | AM18: 0.1 | AN18: =WEEKDAY(B18,1) -> 2 | AO18: =VLOOKUP(AN18,$AY$2:$AZ$8,2,FALSE) -> Monday
A19: Sabigh Masood | B19: 46055 | C19: =EOMONTH(B19,0) -> 46081 | D19: 78 | E19: 179 | F19: 14 | G19: 4 | H19: 15 | I19: 0 | J19: 0 | K19: 85 | L19: Sabigh Masood | M19: Collections Group | N19: 46055 | O19: 0.58296296 | P19: 0.95894676 | Q19: 9.02 | R19: 9.02 | S19: 3.4 | T19: 0.14 | U19: 0 | V19: 0.51 | W19: 3.72 | X19: 1.25 | Y19: 0 | Z19: 0 | AA19: 0 | AB19: 0 | AC19: 9.02 | AD19: 37.63 | AE19: 1.55 | AF19: 0 | AG19: 5.7 | AH19: 41.18 | AI19: 13.89 | AJ19: 0 | AK19: 0 | AL19: 0 | AM19: 0.05 | AN19: =WEEKDAY(B19,1) -> 2 | AO19: =VLOOKUP(AN19,$AY$2:$AZ$8,2,FALSE) -> Monday
B20: 46055 | C20: =EOMONTH(B20,0) -> 46081 | D20: 1191 | E20: 0 | F20: 0 | G20: 0 | H20: 0 | I20: 0 | J20: 0 | K20: 0 | AN20: =WEEKDAY(B20,1) -> 2 | AO20: =VLOOKUP(AN20,$AY$2:$AZ$8,2,FALSE) -> Monday
A21: Anais Orozco | B21: 46052 | C21: =EOMONTH(B21,0) -> 46053 | D21: 54 | E21: 118 | F21: 4 | G21: 1 | H21: 7 | I21: 0 | J21: 3 | K21: 63 | L21: Anais Orozco | M21: Collections Group | N21: 46052 | O21: 0.58216435 | P21: 0.95842593 | Q21: 9.03 | R21: 8.12 | S21: 2.63 | T21: 0.28 | U21: 0 | V21: 0.31 | W21: 3.73 | X21: 0.6 | Y21: 0.53 | Z21: 0 | AA21: 0 | AB21: 0.04 | AC21: 8.12 | AD21: 32.39 | AE21: 3.41 | AF21: 0 | AG21: 3.84 | AH21: 45.97 | AI21: 7.34 | AJ21: 6.51 | AK21: 0 | AL21: 0 | AM21: 0.53 | AN21: =WEEKDAY(B21,1) -> 6 | AO21: =VLOOKUP(AN21,$AY$2:$AZ$8,2,FALSE) -> Friday
A22: Derice Warnsley | B22: 46052 | C22: =EOMONTH(B22,0) -> 46053 | D22: 77 | E22: 153 | F22: 13 | G22: 8 | H22: 28 | I22: 2 | J22: 0 | K22: 74 | L22: Derice Warnsley | M22: Collections Group | N22: 46052 | O22: 0.5830787 | P22: 0.95842593 | Q22: 9.02 | R22: 9.01 | S22: 3.37 | T22: 0.21 | U22: 0 | V22: 0.12 | W22: 3.84 | X22: 1.45 | Y22: 0 | Z22: 0 | AA22: 0 | AB22: 0.01 | AC22: 9.01 | AD22: 37.46 | AE22: 2.31 | AF22: 0 | AG22: 1.33 | AH22: 42.68 | AI22: 16.14 | AJ22: 0 | AK22: 0 | AL22: 0 | AM22: 0.08 | AN22: =WEEKDAY(B22,1) -> 6 | AO22: =VLOOKUP(AN22,$AY$2:$AZ$8,2,FALSE) -> Friday
A23: Isiah Thomas | B23: 46052 | C23: =EOMONTH(B23,0) -> 46053 | D23: 62 | E23: 134 | F23: 8 | G23: 9 | H23: 8 | I23: 1 | J23: 3 | K23: 72 | L23: Isiah Thomas | M23: Collections Group | N23: 46052 | O23: 0.58329861 | P23: 0.95840278 | Q23: 9.02 | R23: 9 | S23: 2.63 | T23: 0.31 | U23: 0 | V23: 0.33 | W23: 4.21 | X23: 1.51 | Y23: 0 | Z23: 0 | AA23: 0 | AB23: 0 | AC23: 9 | AD23: 29.19 | AE23: 3.49 | AF23: 0 | AG23: 3.68 | AH23: 46.77 | AI23: 16.83 | AJ23: 0 | AK23: 0 | AL23: 0 | AM23: 0.04 | AN23: =WEEKDAY(B23,1) -> 6 | AO23: =VLOOKUP(AN23,$AY$2:$AZ$8,2,FALSE) -> Friday
A24: Jerrod Coleman | B24: 46052 | C24: =EOMONTH(B24,0) -> 46053 | D24: 34 | E24: 58 | F24: 1 | G24: 3 | H24: 5 | I24: 0 | J24: 5 | K24: 29 | L24: Jerrod Coleman | M24: Collections Group | N24: 46052 | O24: 0.58324074 | P24: 0.77041667 | Q24: 4.5 | R24: 4.49 | S24: 1.36 | T24: 0.58 | U24: 0 | V24: 0.12 | W24: 2.12 | X24: 0.3 | Y24: 0 | Z24: 0 | AA24: 0 | AB24: 0 | AC24: 4.49 | AD24: 30.22 | AE24: 12.98 | AF24: 0 | AG24: 2.68 | AH24: 47.28 | AI24: 6.75 | AJ24: 0 | AK24: 0 | AL24: 0 | AM24: 0.09 | AN24: =WEEKDAY(B24,1) -> 6 | AO24: =VLOOKUP(AN24,$AY$2:$AZ$8,2,FALSE) -> Friday
A25: Rakesh Rajendran | B25: 46052 | C25: =EOMONTH(B25,0) -> 46053 | D25: 1 | E25: 4 | F25: 0 | G25: 0 | H25: 0 | I25: 0 | J25: 1 | K25: 0 | AN25: =WEEKDAY(B25,1) -> 6 | AO25: =VLOOKUP(AN25,$AY$2:$AZ$8,2,FALSE) -> Friday
A26: Sabigh Masood | B26: 46052 | C26: =EOMONTH(B26,0) -> 46053 | D26: 48 | E26: 124 | F26: 8 | G26: 5 | H26: 6 | I26: 1 | J26: 0 | K26: 70 | L26: Sabigh Masood | M26: Collections Group | N26: 46052 | O26: 0.58356481 | P26: 0.95894676 | Q26: 9 | R26: 9.01 | S26: 1.52 | T26: 0.17 | U26: 0 | V26: 0.59 | W26: 4.08 | X26: 1.92 | Y26: 0.71 | Z26: 0 | AA26: 0.02 | AB26: 0 | AC26: 9.01 | AD26: 16.83 | AE26: 1.91 | AF26: 0 | AG26: 6.57 | AH26: 45.27 | AI26: 21.29 | AJ26: 7.91 | AK26: 0 | AL26: 0.19 | AM26: 0.03 | AN26: =WEEKDAY(B26,1) -> 6 | AO26: =VLOOKUP(AN26,$AY$2:$AZ$8,2,FALSE) -> Friday
B27: 46052 | C27: =EOMONTH(B27,0) -> 46053 | D27: 1231 | E27: 0 | F27: 0 | G27: 0 | H27: 0 | I27: 0 | J27: 0 | K27: 0 | AN27: =WEEKDAY(B27,1) -> 6 | AO27: =VLOOKUP(AN27,$AY$2:$AZ$8,2,FALSE) -> Friday
A28: Anais Orozco | B28: 46051 | C28: =EOMONTH(B28,0) -> 46053 | D28: 36 | E28: 42 | F28: 3 | G28: 4 | H28: 3 | I28: 0 | J28: 1 | K28: 1 | L28: Anais Orozco | M28: Collections Group | N28: 46051 | O28: 0.58347222 | P28: 0.95834491 | Q28: 9 | R28: 9 | S28: 3.49 | T28: 0.31 | U28: 0 | V28: 0.28 | W28: 1.95 | X28: 1.45 | Y28: 1.52 | Z28: 0 | AA28: 0 | AB28: 0 | AC28: 9 | AD28: 38.79 | AE28: 3.43 | AF28: 0 | AG28: 3.09 | AH28: 21.65 | AI28: 16.12 | AJ28: 16.88 | AK28: 0 | AL28: 0 | AM28: 0.05 | AN28: =WEEKDAY(B28,1) -> 5 | AO28: =VLOOKUP(AN28,$AY$2:$AZ$8,2,FALSE) -> Thursday
A29: Derice Warnsley | B29: 46051 | C29: =EOMONTH(B29,0) -> 46053 | D29: 70 | E29: 78 | F29: 4 | G29: 1 | H29: 9 | I29: 1 | J29: 1 | K29: 1 | L29: Derice Warnsley | M29: Collections Group | N29: 46051 | O29: 0.5834838 | P29: 0.95994213 | Q29: 9.03 | R29: 9.04 | S29: 2.68 | T29: 0.1 | U29: 0 | V29: 0.16 | W29: 2.95 | X29: 1.41 | Y29: 1.73 | Z29: 0 | AA29: 0 | AB29: 0.01 | AC29: 9.04 | AD29: 29.68 | AE29: 1.1 | AF29: 0 | AG29: 1.75 | AH29: 32.66 | AI29: 15.56 | AJ29: 19.18 | AK29: 0 | AL29: 0 | AM29: 0.06 | AN29: =WEEKDAY(B29,1) -> 5 | AO29: =VLOOKUP(AN29,$AY$2:$AZ$8,2,FALSE) -> Thursday
A30: Isiah Thomas | B30: 46051 | C30: =EOMONTH(B30,0) -> 46053 | D30: 65 | E30: 82 | F30: 5 | G30: 1 | H30: 7 | I30: 0 | J30: 0 | K30: 9 | L30: Isiah Thomas | M30: Collections Group | N30: 46051 | O30: 0.5833912 | P30: 0.9584375 | Q30: 9 | R30: 9 | S30: 1.55 | T30: 0.41 | U30: 0 | V30: 0.42 | W30: 3.54 | X30: 1.53 | Y30: 1.5 | Z30: 0 | AA30: 0.04 | AB30: 0 | AC30: 9 | AD30: 17.24 | AE30: 4.6 | AF30: 0 | AG30: 4.71 | AH30: 39.36 | AI30: 16.99 | AJ30: 16.68 | AK30: 0 | AL30: 0.4 | AM30: 0.03 | AN30: =WEEKDAY(B30,1) -> 5 | AO30: =VLOOKUP(AN30,$AY$2:$AZ$8,2,FALSE) -> Thursday
A31: Jerrod Coleman | B31: 46051 | C31: =EOMONTH(B31,0) -> 46053 | D31: 73 | E31: 81 | F31: 7 | G31: 5 | H31: 10 | I31: 0 | J31: 3 | K31: 0 | L31: Jerrod Coleman | M31: Collections Group | N31: 46051 | O31: 0.58325231 | P31: 0.95841435 | Q31: 9.02 | R31: 9 | S31: 2.05 | T31: 0.6 | U31: 0 | V31: 0.29 | W31: 3.12 | X31: 1.46 | Y31: 1.48 | Z31: 0 | AA31: 0 | AB31: 0.01 | AC31: 9 | AD31: 22.81 | AE31: 6.64 | AF31: 0 | AG31: 3.23 | AH31: 34.67 | AI31: 16.19 | AJ31: 16.4 | AK31: 0 | AL31: 0 | AM31: 0.06 | AN31: =WEEKDAY(B31,1) -> 5 | AO31: =VLOOKUP(AN31,$AY$2:$AZ$8,2,FALSE) -> Thursday
A32: Sabigh Masood | B32: 46051 | C32: =EOMONTH(B32,0) -> 46053 | D32: 44 | E32: 62 | F32: 3 | G32: 4 | H32: 8 | I32: 0 | J32: 0 | K32: 0 | L32: Sabigh Masood | M32: Collections Group | N32: 46051 | O32: 0.58293981 | P32: 0.9590625 | Q32: 9.03 | R32: 9.02 | S32: 2.04 | T32: 0.1 | U32: 0 | V32: 0.66 | W32: 3.27 | X32: 1.45 | Y32: 1.5 | Z32: 0 | AA32: 0 | AB32: 0.01 | AC32: 9.02 | AD32: 22.63 | AE32: 1.14 | AF32: 0 | AG32: 7.27 | AH32: 36.28 | AI32: 16.02 | AJ32: 16.61 | AK32: 0 | AL32: 0 | AM32: 0.06 | AN32: =WEEKDAY(B32,1) -> 5 | AO32: =VLOOKUP(AN32,$AY$2:$AZ$8,2,FALSE) -> Thursday
A33: Anais Orozco | B33: 46050 | C33: =EOMONTH(B33,0) -> 46053 | D33: 16 | E33: 29 | F33: 6 | G33: 1 | H33: 6 | I33: 0 | J33: 6 | K33: 6 | L33: Anais Orozco | M33: Collections Group | N33: 46050 | O33: 0.58263889 | P33: 0.7140162 | Q33: 3.15 | R33: 3.13 | S33: 1.45 | T33: 0.3 | U33: 0 | V33: 0.13 | W33: 0.94 | X33: 0.28 | Y33: 0 | Z33: 0 | AA33: 0 | AB33: 0.03 | AC33: 3.13 | AD33: 46.35 | AE33: 9.65 | AF33: 0 | AG33: 4 | AH33: 29.97 | AI33: 9 | AJ33: 0 | AK33: 0 | AL33: 0 | AM33: 1.03 | AN33: =WEEKDAY(B33,1) -> 4 | AO33: =VLOOKUP(AN33,$AY$2:$AZ$8,2,FALSE) -> Wednesday
A34: Derice Warnsley | B34: 46050 | C34: =EOMONTH(B34,0) -> 46053 | D34: 67 | E34: 147 | F34: 12 | G34: 2 | H34: 12 | I34: 4 | J34: 1 | K34: 76 | L34: Derice Warnsley | M34: Collections Group | N34: 46050 | O34: 0.58241898 | P34: 0.95846065 | Q34: 9.03 | R34: 9.02 | S34: 2.84 | T34: 0.17 | U34: 0 | V34: 0.09 | W34: 4.19 | X34: 1.48 | Y34: 0.23 | Z34: 0 | AA34: 0 | AB34: 0.03 | AC34: 9.02 | AD34: 31.51 | AE34: 1.84 | AF34: 0 | AG34: 0.94 | AH34: 46.42 | AI34: 16.39 | AJ34: 2.52 | AK34: 0 | AL34: 0 | AM34: 0.36 | AN34: =WEEKDAY(B34,1) -> 4 | AO34: =VLOOKUP(AN34,$AY$2:$AZ$8,2,FALSE) -> Wednesday
A35: Isiah Thomas | B35: 46050 | C35: =EOMONTH(B35,0) -> 46053 | D35: 66 | E35: 151 | F35: 15 | G35: 7 | H35: 10 | I35: 0 | J35: 2 | K35: 75 | L35: Isiah Thomas | M35: Collections Group | N35: 46050 | O35: 0.58359954 | P35: 0.96238426 | Q35: 9.08 | R35: 9.09 | S35: 3.1 | T35: 0.56 | U35: 0 | V35: 0.34 | W35: 3.5 | X35: 1.57 | Y35: 0 | Z35: 0 | AA35: 0 | AB35: 0.01 | AC35: 9.09 | AD35: 34.14 | AE35: 6.18 | AF35: 0 | AG35: 3.79 | AH35: 38.54 | AI35: 17.26 | AJ35: 0 | AK35: 0 | AL35: 0 | AM35: 0.09 | AN35: =WEEKDAY(B35,1) -> 4 | AO35: =VLOOKUP(AN35,$AY$2:$AZ$8,2,FALSE) -> Wednesday
A36: Jerrod Coleman | B36: 46050 | C36: =EOMONTH(B36,0) -> 46053 | D36: 66 | E36: 144 | F36: 14 | G36: 14 | H36: 16 | I36: 0 | J36: 13 | K36: 52 | L36: Jerrod Coleman | M36: Collections Group | N36: 46050 | O36: 0.58319444 | P36: 0.95700231 | Q36: 8.98 | R36: 8.97 | S36: 3.48 | T36: 0.54 | U36: 0 | V36: 0.29 | W36: 3.35 | X36: 1.29 | Y36: 0 | Z36: 0 | AA36: 0 | AB36: 0 | AC36: 8.97 | AD36: 38.84 | AE36: 6.06 | AF36: 0 | AG36: 3.27 | AH36: 37.36 | AI36: 14.43 | AJ36: 0 | AK36: 0 | AL36: 0 | AM36: 0.04 | AN36: =WEEKDAY(B36,1) -> 4 | AO36: =VLOOKUP(AN36,$AY$2:$AZ$8,2,FALSE) -> Wednesday
A37: Sabigh Masood | B37: 46050 | C37: =EOMONTH(B37,0) -> 46053 | D37: 68 | E37: 176 | F37: 7 | G37: 6 | H37: 13 | I37: 0 | J37: 2 | K37: 95 | L37: Sabigh Masood | M37: Collections Group | N37: 46050 | O37: 0.58325231 | P37: 0.95965278 | Q37: 9.03 | R37: 9.03 | S37: 1.96 | T37: 0.16 | U37: 0 | V37: 0.71 | W37: 3.95 | X37: 1.43 | Y37: 0.78 | Z37: 0 | AA37: 0.04 | AB37: 0 | AC37: 9.03 | AD37: 21.69 | AE37: 1.79 | AF37: 0 | AG37: 7.86 | AH37: 43.78 | AI37: 15.79 | AJ37: 8.6 | AK37: 0 | AL37: 0.46 | AM37: 0.04 | AN37: =WEEKDAY(B37,1) -> 4 | AO37: =VLOOKUP(AN37,$AY$2:$AZ$8,2,FALSE) -> Wednesday
B38: 46050 | C38: =EOMONTH(B38,0) -> 46053 | D38: 1312 | E38: 0 | F38: 0 | G38: 0 | H38: 0 | I38: 0 | J38: 0 | K38: 0 | AN38: =WEEKDAY(B38,1) -> 4 | AO38: =VLOOKUP(AN38,$AY$2:$AZ$8,2,FALSE) -> Wednesday
A39: Anais Orozco | B39: 46049 | C39: =EOMONTH(B39,0) -> 46053 | D39: 58 | E39: 164 | F39: 12 | G39: 22 | H39: 19 | I39: 0 | J39: 4 | K39: 69 | L39: Anais Orozco | M39: Collections Group | N39: 46049 | O39: 0.58341435 | P39: 0.9584375 | Q39: 9 | R39: 8.09 | S39: 3.35 | T39: 0.32 | U39: 0 | V39: 0.67 | W39: 3.05 | X39: 0.58 | Y39: 0 | Z39: 0 | AA39: 0.07 | AB39: 0.05 | AC39: 8.09 | AD39: 41.44 | AE39: 3.98 | AF39: 0 | AG39: 8.34 | AH39: 37.65 | AI39: 7.18 | AJ39: 0 | AK39: 0 | AL39: 0.83 | AM39: 0.58 | AN39: =WEEKDAY(B39,1) -> 3 | AO39: =VLOOKUP(AN39,$AY$2:$AZ$8,2,FALSE) -> Tuesday
A40: Derice Warnsley | B40: 46049 | C40: =EOMONTH(B40,0) -> 46053 | D40: 73 | E40: 184 | F40: 14 | G40: 11 | H40: 14 | I40: 0 | J40: 5 | K40: 92 | L40: Derice Warnsley | M40: Collections Group | N40: 46049 | O40: 0.5834838 | P40: 0.96097222 | Q40: 9.05 | R40: 9.04 | S40: 3.28 | T40: 0.2 | U40: 0 | V40: 0.11 | W40: 3.93 | X40: 1.49 | Y40: 0 | Z40: 0 | AA40: 0 | AB40: 0.02 | AC40: 9.04 | AD40: 36.35 | AE40: 2.24 | AF40: 0 | AG40: 1.24 | AH40: 43.48 | AI40: 16.49 | AJ40: 0 | AK40: 0 | AL40: 0 | AM40: 0.2 | AN40: =WEEKDAY(B40,1) -> 3 | AO40: =VLOOKUP(AN40,$AY$2:$AZ$8,2,FALSE) -> Tuesday
A41: Isiah Thomas | B41: 46049 | C41: =EOMONTH(B41,0) -> 46053 | D41: 76 | E41: 212 | F41: 15 | G41: 9 | H41: 17 | I41: 0 | J41: 2 | K41: 117 | L41: Isiah Thomas | M41: Collections Group | N41: 46049 | O41: 0.58355324 | P41: 0.96006944 | Q41: 9.03 | R41: 9.04 | S41: 2.17 | T41: 0.96 | U41: 0 | V41: 0.26 | W41: 4.13 | X41: 1.51 | Y41: 0 | Z41: 0 | AA41: 0 | AB41: 0.01 | AC41: 9.04 | AD41: 24.02 | AE41: 10.65 | AF41: 0 | AG41: 2.83 | AH41: 45.76 | AI41: 16.68 | AJ41: 0 | AK41: 0 | AL41: 0 | AM41: 0.07 | AN41: =WEEKDAY(B41,1) -> 3 | AO41: =VLOOKUP(AN41,$AY$2:$AZ$8,2,FALSE) -> Tuesday
A42: Jerrod Coleman | B42: 46049 | C42: =EOMONTH(B42,0) -> 46053 | D42: 71 | E42: 155 | F42: 4 | G42: 26 | H42: 18 | I42: 1 | J42: 6 | K42: 64 | L42: Jerrod Coleman | M42: Collections Group | N42: 46049 | O42: 0.58290509 | P42: 0.95746528 | Q42: 8.98 | R42: 8.91 | S42: 2.69 | T42: 0.62 | U42: 0 | V42: 0.44 | W42: 3.68 | X42: 1.48 | Y42: 0 | Z42: 0 | AA42: 0 | AB42: 0.01 | AC42: 8.91 | AD42: 30.17 | AE42: 6.92 | AF42: 0 | AG42: 4.93 | AH42: 41.27 | AI42: 16.57 | AJ42: 0 | AK42: 0 | AL42: 0 | AM42: 0.13 | AN42: =WEEKDAY(B42,1) -> 3 | AO42: =VLOOKUP(AN42,$AY$2:$AZ$8,2,FALSE) -> Tuesday
A43: Rosette Rwabugahya | B43: 46049 | C43: =EOMONTH(B43,0) -> 46053 | D43: 1 | E43: 1 | F43: 0 | G43: 0 | H43: 0 | I43: 0 | J43: 0 | K43: 0 | L43: Rosette Rwabugahya | M43: Collections Group | N43: 46049 | O43: 0.77759259 | P43: 0.8771875 | Q43: 2.4 | R43: 2.39 | S43: 2.38 | T43: 0 | U43: 0 | V43: 0 | W43: 0 | X43: 0 | Y43: 0 | Z43: 0 | AA43: 0 | AB43: 0.01 | AC43: 2.39 | AD43: 99.67 | AE43: 0 | AF43: 0 | AG43: 0 | AH43: 0 | AI43: 0 | AJ43: 0 | AK43: 0 | AL43: 0 | AM43: 0.33 | AN43: =WEEKDAY(B43,1) -> 3 | AO43: =VLOOKUP(AN43,$AY$2:$AZ$8,2,FALSE) -> Tuesday
A44: Sabigh Masood | B44: 46049 | C44: =EOMONTH(B44,0) -> 46053 | D44: 76 | E44: 207 | F44: 10 | G44: 11 | H44: 14 | I44: 1 | J44: 0 | K44: 101 | L44: Sabigh Masood | M44: Collections Group | N44: 46049 | O44: 0.58355324 | P44: 0.95859954 | Q44: 9 | R44: 9 | S44: 2.84 | T44: 0.23 | U44: 0 | V44: 0.47 | W44: 4 | X44: 1.46 | Y44: 0 | Z44: 0 | AA44: 0 | AB44: 0 | AC44: 9 | AD44: 31.54 | AE44: 2.55 | AF44: 0 | AG44: 5.23 | AH44: 44.39 | AI44: 16.25 | AJ44: 0 | AK44: 0 | AL44: 0 | AM44: 0.03 | AN44: =WEEKDAY(B44,1) -> 3 | AO44: =VLOOKUP(AN44,$AY$2:$AZ$8,2,FALSE) -> Tuesday
B45: 46049 | C45: =EOMONTH(B45,0) -> 46053 | D45: 1305 | E45: 0 | F45: 0 | G45: 0 | H45: 0 | I45: 0 | J45: 0 | K45: 0 | AN45: =WEEKDAY(B45,1) -> 3 | AO45: =VLOOKUP(AN45,$AY$2:$AZ$8,2,FALSE) -> Tuesday
A46: Anais Orozco | B46: 46048 | C46: =EOMONTH(B46,0) -> 46053 | D46: 45 | E46: 91 | F46: 1 | G46: 6 | H46: 6 | I46: 1 | J46: 1 | K46: 44 | L46: Anais Orozco | M46: Collections Group | N46: 46048 | O46: 0.58303241 | P46: 0.95841435 | Q46: 9.02 | R46: 8.1 | S46: 2.81 | T46: 0.63 | U46: 0 | V46: 0.25 | W46: 3.78 | X46: 0.58 | Y46: 0 | Z46: 0 | AA46: 0 | AB46: 0.05 | AC46: 8.1 | AD46: 34.66 | AE46: 7.73 | AF46: 0 | AG46: 3.1 | AH46: 46.69 | AI46: 7.15 | AJ46: 0 | AK46: 0 | AL46: 0 | AM46: 0.66 | AN46: =WEEKDAY(B46,1) -> 2 | AO46: =VLOOKUP(AN46,$AY$2:$AZ$8,2,FALSE) -> Monday
A47: Derice Warnsley | B47: 46048 | C47: =EOMONTH(B47,0) -> 46053 | D47: 56 | E47: 118 | F47: 4 | G47: 8 | H47: 25 | I47: 1 | J47: 0 | K47: 41 | L47: Derice Warnsley | M47: Collections Group | N47: 46048 | O47: 0.58355324 | P47: 0.95840278 | Q47: 9 | R47: 9 | S47: 2.31 | T47: 0.12 | U47: 0 | V47: 0.12 | W47: 3.97 | X47: 1.51 | Y47: 0.97 | Z47: 0 | AA47: 0 | AB47: 0.01 | AC47: 9 | AD47: 25.67 | AE47: 1.33 | AF47: 0 | AG47: 1.31 | AH47: 44.09 | AI47: 16.74 | AJ47: 10.8 | AK47: 0 | AL47: 0 | AM47: 0.08 | AN47: =WEEKDAY(B47,1) -> 2 | AO47: =VLOOKUP(AN47,$AY$2:$AZ$8,2,FALSE) -> Monday
A48: Isiah Thomas | B48: 46048 | C48: =EOMONTH(B48,0) -> 46053 | D48: 58 | E48: 153 | F48: 3 | G48: 2 | H48: 23 | I48: 1 | J48: 1 | K48: 96 | L48: Isiah Thomas | M48: Collections Group | N48: 46048 | O48: 0.58347222 | P48: 0.95836806 | Q48: 9 | R48: 9 | S48: 1.78 | T48: 0.54 | U48: 0 | V48: 0.22 | W48: 4.96 | X48: 1.5 | Y48: 0 | Z48: 0 | AA48: 0 | AB48: 0 | AC48: 9 | AD48: 19.78 | AE48: 5.95 | AF48: 0 | AG48: 2.4 | AH48: 55.13 | AI48: 16.7 | AJ48: 0 | AK48: 0 | AL48: 0 | AM48: 0.04 | AN48: =WEEKDAY(B48,1) -> 2 | AO48: =VLOOKUP(AN48,$AY$2:$AZ$8,2,FALSE) -> Monday
A49: Jerrod Coleman | B49: 46048 | C49: =EOMONTH(B49,0) -> 46053 | D49: 60 | E49: 140 | F49: 8 | G49: 4 | H49: 19 | I49: 3 | J49: 7 | K49: 73 | L49: Jerrod Coleman | M49: Collections Group | N49: 46048 | O49: 0.58314815 | P49: 0.95876157 | Q49: 9.02 | R49: 9.01 | S49: 2.78 | T49: 0.42 | U49: 0 | V49: 0.29 | W49: 4.07 | X49: 1.45 | Y49: 0 | Z49: 0 | AA49: 0 | AB49: 0 | AC49: 9.01 | AD49: 30.8 | AE49: 4.67 | AF49: 0 | AG49: 3.24 | AH49: 45.18 | AI49: 16.08 | AJ49: 0 | AK49: 0 | AL49: 0 | AM49: 0.04 | AN49: =WEEKDAY(B49,1) -> 2 | AO49: =VLOOKUP(AN49,$AY$2:$AZ$8,2,FALSE) -> Monday
A50: Sabigh Masood | B50: 46048 | C50: =EOMONTH(B50,0) -> 46053 | D50: 53 | E50: 169 | F50: 2 | G50: 15 | H50: 11 | I50: 1 | J50: 0 | K50: 93 | L50: Sabigh Masood | M50: Collections Group | N50: 46048 | O50: 0.58324074 | P50: 0.96488426 | Q50: 9.17 | R50: 9.16 | S50: 1.75 | T50: 0.25 | U50: 0 | V50: 0.56 | W50: 5.16 | X50: 1.44 | Y50: 0 | Z50: 0 | AA50: 0 | AB50: 0 | AC50: 9.16 | AD50: 19.12 | AE50: 2.74 | AF50: 0 | AG50: 6.07 | AH50: 56.34 | AI50: 15.71 | AJ50: 0 | AK50: 0 | AL50: 0 | AM50: 0.03 | AN50: =WEEKDAY(B50,1) -> 2 | AO50: =VLOOKUP(AN50,$AY$2:$AZ$8,2,FALSE) -> Monday
B51: 46048 | C51: =EOMONTH(B51,0) -> 46053 | D51: 1209 | E51: 0 | F51: 0 | G51: 0 | H51: 0 | I51: 0 | J51: 0 | K51: 0 | AN51: =WEEKDAY(B51,1) -> 2 | AO51: =VLOOKUP(AN51,$AY$2:$AZ$8,2,FALSE) -> Monday
A52: Derice Warnsley | B52: 46045 | C52: =EOMONTH(B52,0) -> 46053 | D52: 82 | E52: 89 | F52: 11 | G52: 2 | H52: 8 | I52: 0 | J52: 6 | K52: 1 | L52: Derice Warnsley | M52: Collections Group | N52: 46045 | O52: 0.58395833 | P52: 0.95996528 | Q52: 9.03 | R52: 9.02 | S52: 2.85 | T52: 0.08 | U52: 0 | V52: 0.1 | W52: 3.98 | X52: 1.48 | Y52: 0.53 | Z52: 0 | AA52: 0 | AB52: 0 | AC52: 9.02 | AD52: 31.62 | AE52: 0.87 | AF52: 0 | AG52: 1.09 | AH52: 44.12 | AI52: 16.43 | AJ52: 5.83 | AK52: 0 | AL52: 0 | AM52: 0.04 | AN52: =WEEKDAY(B52,1) -> 6 | AO52: =VLOOKUP(AN52,$AY$2:$AZ$8,2,FALSE) -> Friday
A53: Isiah Thomas | B53: 46045 | C53: =EOMONTH(B53,0) -> 46053 | D53: 62 | E53: 83 | F53: 7 | G53: 1 | H53: 9 | I53: 0 | J53: 1 | K53: 0 | L53: Isiah Thomas | M53: Collections Group | N53: 46045 | O53: 0.58332176 | P53: 0.95842593 | Q53: 9.02 | R53: 9 | S53: 2.4 | T53: 0.61 | U53: 0 | V53: 0.43 | W53: 4.06 | X53: 1.49 | Y53: 0 | Z53: 0 | AA53: 0 | AB53: 0.01 | AC53: 9 | AD53: 26.7 | AE53: 6.76 | AF53: 0 | AG53: 4.77 | AH53: 45.09 | AI53: 16.57 | AJ53: 0 | AK53: 0 | AL53: 0.05 | AM53: 0.06 | AN53: =WEEKDAY(B53,1) -> 6 | AO53: =VLOOKUP(AN53,$AY$2:$AZ$8,2,FALSE) -> Friday
A54: Jerrod Coleman | B54: 46045 | C54: =EOMONTH(B54,0) -> 46053 | D54: 64 | E54: 66 | F54: 3 | G54: 3 | H54: 9 | I54: 1 | J54: 2 | K54: 2 | L54: Jerrod Coleman | M54: Collections Group | N54: 46045 | O54: 0.58324074 | P54: 0.96616898 | Q54: 9.2 | R54: 9.19 | S54: 3.03 | T54: 0.46 | U54: 0 | V54: 0.29 | W54: 3.35 | X54: 1.48 | Y54: 0.58 | Z54: 0 | AA54: 0 | AB54: 0 | AC54: 9.19 | AD54: 33 | AE54: 4.97 | AF54: 0 | AG54: 3.2 | AH54: 36.41 | AI54: 16.11 | AJ54: 6.26 | AK54: 0 | AL54: 0 | AM54: 0.05 | AN54: =WEEKDAY(B54,1) -> 6 | AO54: =VLOOKUP(AN54,$AY$2:$AZ$8,2,FALSE) -> Friday
A55: Sabigh Masood | B55: 46045 | C55: =EOMONTH(B55,0) -> 46053 | D55: 49 | E55: 65 | F55: 6 | G55: 2 | H55: 6 | I55: 0 | J55: 0 | K55: 0 | L55: Sabigh Masood | M55: Collections Group | N55: 46045 | O55: 0.58322917 | P55: 0.96636574 | Q55: 9.2 | R55: 9.19 | S55: 2.28 | T55: 0.18 | U55: 0 | V55: 0.58 | W55: 3.95 | X55: 1.85 | Y55: 0.34 | Z55: 0 | AA55: 0 | AB55: 0 | AC55: 9.19 | AD55: 24.82 | AE55: 2.01 | AF55: 0 | AG55: 6.35 | AH55: 43 | AI55: 20.1 | AJ55: 3.7 | AK55: 0 | AL55: 0 | AM55: 0.03 | AN55: =WEEKDAY(B55,1) -> 6 | AO55: =VLOOKUP(AN55,$AY$2:$AZ$8,2,FALSE) -> Friday
A56: Anais Orozco | B56: 46044 | C56: =EOMONTH(B56,0) -> 46053 | D56: 40 | E56: 85 | F56: 6 | G56: 2 | H56: 4 | I56: 0 | J56: 0 | K56: 35 | L56: Anais Orozco | M56: Collections Group | N56: 46044 | O56: 0.58222222 | P56: 0.9597338 | Q56: 9.07 | R56: 8.76 | S56: 1.92 | T56: 0.18 | U56: 0 | V56: 0.27 | W56: 3.94 | X56: 0.94 | Y56: 1.44 | Z56: 0 | AA56: 0 | AB56: 0.06 | AC56: 8.76 | AD56: 21.92 | AE56: 2.03 | AF56: 0 | AG56: 3.11 | AH56: 45.03 | AI56: 10.77 | AJ56: 16.44 | AK56: 0 | AL56: 0 | AM56: 0.69 | AN56: =WEEKDAY(B56,1) -> 5 | AO56: =VLOOKUP(AN56,$AY$2:$AZ$8,2,FALSE) -> Thursday
A57: Derice Warnsley | B57: 46044 | C57: =EOMONTH(B57,0) -> 46053 | D57: 56 | E57: 108 | F57: 13 | G57: 2 | H57: 7 | I57: 0 | J57: 1 | K57: 36 | L57: Derice Warnsley | M57: Collections Group | N57: 46044 | O57: 0.58318287 | P57: 0.95836806 | Q57: 9.02 | R57: 9 | S57: 2.2 | T57: 0.02 | U57: 0 | V57: 0.1 | W57: 3.72 | X57: 1.46 | Y57: 1.5 | Z57: 0 | AA57: 0 | AB57: 0.01 | AC57: 9 | AD57: 24.45 | AE57: 0.21 | AF57: 0 | AG57: 1.1 | AH57: 41.32 | AI57: 16.25 | AJ57: 16.6 | AK57: 0 | AL57: 0 | AM57: 0.07 | AN57: =WEEKDAY(B57,1) -> 5 | AO57: =VLOOKUP(AN57,$AY$2:$AZ$8,2,FALSE) -> Thursday
A58: Isiah Thomas | B58: 46044 | C58: =EOMONTH(B58,0) -> 46053 | D58: 42 | E58: 77 | F58: 7 | G58: 0 | H58: 5 | I58: 0 | J58: 2 | K58: 35 | L58: Isiah Thomas | M58: Collections Group | N58: 46044 | O58: 0.58266204 | P58: 0.95837963 | Q58: 9.02 | R58: 9.02 | S58: 1.69 | T58: 0.05 | U58: 0 | V58: 0.15 | W58: 3.61 | X58: 1.42 | Y58: 2.07 | Z58: 0 | AA58: 0 | AB58: 0.02 | AC58: 9.02 | AD58: 18.78 | AE58: 0.58 | AF58: 0 | AG58: 1.62 | AH58: 40.06 | AI58: 15.75 | AJ58: 22.96 | AK58: 0 | AL58: 0 | AM58: 0.24 | AN58: =WEEKDAY(B58,1) -> 5 | AO58: =VLOOKUP(AN58,$AY$2:$AZ$8,2,FALSE) -> Thursday
A59: Jerrod Coleman | B59: 46044 | C59: =EOMONTH(B59,0) -> 46053 | D59: 51 | E59: 102 | F59: 10 | G59: 9 | H59: 2 | I59: 1 | J59: 0 | K59: 49 | L59: Jerrod Coleman | M59: Collections Group | N59: 46044 | O59: 0.58328704 | P59: 0.95797454 | Q59: 9 | R59: 8.99 | S59: 1.96 | T59: 0.23 | U59: 0 | V59: 0.17 | W59: 3.68 | X59: 1.48 | Y59: 1.47 | Z59: 0 | AA59: 0 | AB59: 0 | AC59: 8.99 | AD59: 21.77 | AE59: 2.56 | AF59: 0 | AG59: 1.92 | AH59: 40.96 | AI59: 16.44 | AJ59: 16.31 | AK59: 0 | AL59: 0 | AM59: 0.04 | AN59: =WEEKDAY(B59,1) -> 5 | AO59: =VLOOKUP(AN59,$AY$2:$AZ$8,2,FALSE) -> Thursday
A60: Sabigh Masood | B60: 46044 | C60: =EOMONTH(B60,0) -> 46053 | D60: 39 | E60: 95 | F60: 2 | G60: 4 | H60: 6 | I60: 0 | J60: 0 | K60: 49 | L60: Sabigh Masood | M60: Collections Group | N60: 46044 | O60: 0.58325231 | P60: 0.95938657 | Q60: 9.03 | R60: 9.03 | S60: 1.86 | T60: 0.1 | U60: 0 | V60: 0.5 | W60: 3.65 | X60: 1.46 | Y60: 1.45 | Z60: 0 | AA60: 0 | AB60: 0 | AC60: 9.03 | AD60: 20.61 | AE60: 1.12 | AF60: 0 | AG60: 5.58 | AH60: 40.41 | AI60: 16.17 | AJ60: 16.08 | AK60: 0 | AL60: 0 | AM60: 0.04 | AN60: =WEEKDAY(B60,1) -> 5 | AO60: =VLOOKUP(AN60,$AY$2:$AZ$8,2,FALSE) -> Thursday
B61: 46044 | C61: =EOMONTH(B61,0) -> 46053 | D61: 1147 | E61: 0 | F61: 0 | G61: 0 | H61: 0 | I61: 0 | J61: 0 | K61: 0 | AN61: =WEEKDAY(B61,1) -> 5 | AO61: =VLOOKUP(AN61,$AY$2:$AZ$8,2,FALSE) -> Thursday
A62: Anais Orozco | B62: 46043 | C62: =EOMONTH(B62,0) -> 46053 | D62: 45 | E62: 94 | F62: 17 | G62: 7 | H62: 13 | I62: 0 | J62: 1 | K62: 35 | L62: Anais Orozco | M62: Collections Group | N62: 46043 | O62: 0.58431713 | P62: 0.95861111 | Q62: 8.98 | R62: 8.97 | S62: 3.09 | T62: 0.58 | U62: 0 | V62: 0.47 | W62: 2.36 | X62: 1.33 | Y62: 1.05 | Z62: 0 | AA62: 0.08 | AB62: 0.01 | AC62: 8.97 | AD62: 34.48 | AE62: 6.51 | AF62: 0 | AG62: 5.19 | AH62: 26.34 | AI62: 14.84 | AJ62: 11.65 | AK62: 0 | AL62: 0.87 | AM62: 0.12 | AN62: =WEEKDAY(B62,1) -> 4 | AO62: =VLOOKUP(AN62,$AY$2:$AZ$8,2,FALSE) -> Wednesday
A63: Derice Warnsley | B63: 46043 | C63: =EOMONTH(B63,0) -> 46053 | D63: 69 | E63: 128 | F63: 18 | G63: 6 | H63: 7 | I63: 1 | J63: 0 | K63: 60 | L63: Derice Warnsley | M63: Collections Group | N63: 46043 | O63: 0.58355324 | P63: 0.95836806 | Q63: 9 | R63: 9 | S63: 3.52 | T63: 0 | U63: 0 | V63: 0.11 | W63: 2.78 | X63: 1.46 | Y63: 1.11 | Z63: 0 | AA63: 0 | AB63: 0.01 | AC63: 9 | AD63: 39.13 | AE63: 0 | AF63: 0 | AG63: 1.28 | AH63: 30.9 | AI63: 16.28 | AJ63: 12.33 | AK63: 0 | AL63: 0 | AM63: 0.09 | AN63: =WEEKDAY(B63,1) -> 4 | AO63: =VLOOKUP(AN63,$AY$2:$AZ$8,2,FALSE) -> Wednesday
A64: Isiah Thomas | B64: 46043 | C64: =EOMONTH(B64,0) -> 46053 | D64: 68 | E64: 144 | F64: 13 | G64: 3 | H64: 9 | I64: 0 | J64: 1 | K64: 84 | L64: Isiah Thomas | M64: Collections Group | N64: 46043 | O64: 0.58329861 | P64: 0.9583912 | Q64: 9.02 | R64: 9 | S64: 2.34 | T64: 0.69 | U64: 0 | V64: 0.31 | W64: 3.09 | X64: 1.5 | Y64: 1.07 | Z64: 0 | AA64: 0 | AB64: 0.01 | AC64: 9 | AD64: 25.97 | AE64: 7.66 | AF64: 0 | AG64: 3.44 | AH64: 34.33 | AI64: 16.65 | AJ64: 11.89 | AK64: 0 | AL64: 0 | AM64: 0.06 | AN64: =WEEKDAY(B64,1) -> 4 | AO64: =VLOOKUP(AN64,$AY$2:$AZ$8,2,FALSE) -> Wednesday
A65: Jerrod Coleman | B65: 46043 | C65: =EOMONTH(B65,0) -> 46053 | D65: 84 | E65: 168 | F65: 24 | G65: 4 | H65: 15 | I65: 0 | J65: 4 | K65: 76 | L65: Jerrod Coleman | M65: Collections Group | N65: 46043 | O65: 0.58314815 | P65: 0.95707176 | Q65: 8.98 | R65: 8.97 | S65: 2.65 | T65: 0.45 | U65: 0 | V65: 0.3 | W65: 3.03 | X65: 1.42 | Y65: 1.11 | Z65: 0 | AA65: 0 | AB65: 0 | AC65: 8.97 | AD65: 29.59 | AE65: 4.96 | AF65: 0 | AG65: 3.4 | AH65: 33.77 | AI65: 15.84 | AJ65: 12.39 | AK65: 0 | AL65: 0 | AM65: 0.05 | AN65: =WEEKDAY(B65,1) -> 4 | AO65: =VLOOKUP(AN65,$AY$2:$AZ$8,2,FALSE) -> Wednesday
A66: Sabigh Masood | B66: 46043 | C66: =EOMONTH(B66,0) -> 46053 | D66: 54 | E66: 122 | F66: 15 | G66: 9 | H66: 12 | I66: 0 | J66: 3 | K66: 44 | L66: Sabigh Masood | M66: Collections Group | N66: 46043 | O66: 0.58372685 | P66: 0.96021991 | Q66: 9.03 | R66: 9.04 | S66: 3.43 | T66: 0.23 | U66: 0 | V66: 0.7 | W66: 2.75 | X66: 1.47 | Y66: 0.45 | Z66: 0 | AA66: 0 | AB66: 0 | AC66: 9.04 | AD66: 37.92 | AE66: 2.58 | AF66: 0 | AG66: 7.75 | AH66: 30.45 | AI66: 16.28 | AJ66: 4.99 | AK66: 0 | AL66: 0 | AM66: 0.03 | AN66: =WEEKDAY(B66,1) -> 4 | AO66: =VLOOKUP(AN66,$AY$2:$AZ$8,2,FALSE) -> Wednesday
B67: 46043 | C67: =EOMONTH(B67,0) -> 46053 | D67: 1369 | E67: 0 | F67: 0 | G67: 0 | H67: 0 | I67: 0 | J67: 0 | K67: 0 | AN67: =WEEKDAY(B67,1) -> 4 | AO67: =VLOOKUP(AN67,$AY$2:$AZ$8,2,FALSE) -> Wednesday
A68: Anais Orozco | B68: 46042 | C68: =EOMONTH(B68,0) -> 46053 | D68: 67 | E68: 82 | F68: 14 | G68: 8 | H68: 4 | I68: 0 | J68: 1 | K68: 1 | L68: Anais Orozco | M68: Collections Group | N68: 46042 | O68: 0.58380787 | P68: 0.95893519 | Q68: 9 | R68: 8.22 | S68: 3.75 | T68: 0.36 | U68: 0 | V68: 0.48 | W68: 2.79 | X68: 0.64 | Y68: 0.21 | Z68: 0 | AA68: 0 | AB68: 0.01 | AC68: 8.22 | AD68: 45.56 | AE68: 4.32 | AF68: 0 | AG68: 5.82 | AH68: 33.93 | AI68: 7.73 | AJ68: 2.51 | AK68: 0 | AL68: 0 | AM68: 0.13 | AN68: =WEEKDAY(B68,1) -> 3 | AO68: =VLOOKUP(AN68,$AY$2:$AZ$8,2,FALSE) -> Tuesday
A69: Derice Warnsley | B69: 46042 | C69: =EOMONTH(B69,0) -> 46053 | D69: 82 | E69: 104 | F69: 13 | G69: 7 | H69: 7 | I69: 0 | J69: 2 | K69: 2 | L69: Derice Warnsley | M69: Collections Group | N69: 46042 | O69: 0.58259259 | P69: 0.95994213 | Q69: 9.07 | R69: 9.05 | S69: 3.89 | T69: 0.15 | U69: 0 | V69: 0.16 | W69: 3.33 | X69: 1.5 | Y69: 0 | Z69: 0 | AA69: 0 | AB69: 0.03 | AC69: 9.05 | AD69: 43.01 | AE69: 1.66 | AF69: 0 | AG69: 1.77 | AH69: 36.75 | AI69: 16.53 | AJ69: 0 | AK69: 0 | AL69: 0 | AM69: 0.28 | AN69: =WEEKDAY(B69,1) -> 3 | AO69: =VLOOKUP(AN69,$AY$2:$AZ$8,2,FALSE) -> Tuesday
A70: Isiah Thomas | B70: 46042 | C70: =EOMONTH(B70,0) -> 46053 | D70: 85 | E70: 104 | F70: 9 | G70: 3 | H70: 3 | I70: 2 | J70: 0 | K70: 9 | L70: Isiah Thomas | M70: Collections Group | N70: 46042 | O70: 0.58299769 | P70: 0.95864583 | Q70: 9.02 | R70: 9.01 | S70: 3.7 | T70: 0.91 | U70: 0 | V70: 0.44 | W70: 2.31 | X70: 1.47 | Y70: 0 | Z70: 0 | AA70: 0.18 | AB70: 0.01 | AC70: 9.01 | AD70: 41.01 | AE70: 10.09 | AF70: 0 | AG70: 4.93 | AH70: 25.59 | AI70: 16.28 | AJ70: 0 | AK70: 0 | AL70: 1.99 | AM70: 0.11 | AN70: =WEEKDAY(B70,1) -> 3 | AO70: =VLOOKUP(AN70,$AY$2:$AZ$8,2,FALSE) -> Tuesday
A71: Jerrod Coleman | B71: 46042 | C71: =EOMONTH(B71,0) -> 46053 | D71: 95 | E71: 104 | F71: 6 | G71: 11 | H71: 9 | I71: 2 | J71: 8 | K71: 2 | L71: Jerrod Coleman | M71: Collections Group | N71: 46042 | O71: 0.58325231 | P71: 0.95791667 | Q71: 9 | R71: 8.99 | S71: 3.46 | T71: 0.7 | U71: 0 | V71: 0.46 | W71: 2.9 | X71: 1.45 | Y71: 0 | Z71: 0 | AA71: 0.01 | AB71: 0 | AC71: 8.99 | AD71: 38.53 | AE71: 7.81 | AF71: 0 | AG71: 5.11 | AH71: 32.25 | AI71: 16.12 | AJ71: 0.01 | AK71: 0 | AL71: 0.14 | AM71: 0.04 | AN71: =WEEKDAY(B71,1) -> 3 | AO71: =VLOOKUP(AN71,$AY$2:$AZ$8,2,FALSE) -> Tuesday
A72: Rosette Rwabugahya | B72: 46042 | C72: =EOMONTH(B72,0) -> 46053 | D72: 1 | E72: 1 | F72: 0 | G72: 0 | H72: 1 | I72: 0 | J72: 0 | K72: 0 | L72: Rosette Rwabugahya | M72: Collections Group | N72: 46042 | O72: 0.85104167 | P72: 0.86232639 | Q72: 0.27 | R72: 0.27 | S72: 0.26 | T72: 0 | U72: 0 | V72: 0 | W72: 0 | X72: 0 | Y72: 0 | Z72: 0 | AA72: 0 | AB72: 0.01 | AC72: 0.27 | AD72: 96.1 | AE72: 0 | AF72: 0 | AG72: 1.74 | AH72: 0 | AI72: 0 | AJ72: 0 | AK72: 0 | AL72: 0 | AM72: 2.15 | AN72: =WEEKDAY(B72,1) -> 3 | AO72: =VLOOKUP(AN72,$AY$2:$AZ$8,2,FALSE) -> Tuesday
A73: Sabigh Masood | B73: 46042 | C73: =EOMONTH(B73,0) -> 46053 | D73: 81 | E73: 108 | F73: 6 | G73: 4 | H73: 8 | I73: 0 | J73: 2 | K73: 1 | L73: Sabigh Masood | M73: Collections Group | N73: 46042 | O73: 0.58378472 | P73: 0.95917824 | Q73: 9.02 | R73: 9.01 | S73: 3.38 | T73: 0.45 | U73: 0 | V73: 0.59 | W73: 3.15 | X73: 1.44 | Y73: 0 | Z73: 0 | AA73: 0 | AB73: 0.01 | AC73: 9.01 | AD73: 37.48 | AE73: 4.97 | AF73: 0 | AG73: 6.59 | AH73: 34.92 | AI73: 15.99 | AJ73: 0 | AK73: 0 | AL73: 0 | AM73: 0.06 | AN73: =WEEKDAY(B73,1) -> 3 | AO73: =VLOOKUP(AN73,$AY$2:$AZ$8,2,FALSE) -> Tuesday
A74: Anais Orozco | B74: 46038 | C74: =EOMONTH(B74,0) -> 46053 | D74: 66 | E74: 77 | F74: 6 | G74: 2 | H74: 11 | I74: 0 | J74: 2 | K74: 2 | L74: Anais Orozco | M74: Collections Group | N74: 46038 | O74: 0.58177083 | P74: 0.9590162 | Q74: 9.05 | R74: 7.98 | S74: 2.62 | T74: 0.42 | U74: 0 | V74: 0.55 | W74: 3.52 | X74: 0.24 | Y74: 0.57 | Z74: 0 | AA74: 0 | AB74: 0.05 | AC74: 7.98 | AD74: 32.88 | AE74: 5.28 | AF74: 0 | AG74: 6.91 | AH74: 44.09 | AI74: 3 | AJ74: 7.16 | AK74: 0 | AL74: 0 | AM74: 0.69 | AN74: =WEEKDAY(B74,1) -> 6 | AO74: =VLOOKUP(AN74,$AY$2:$AZ$8,2,FALSE) -> Friday
A75: Isiah Thomas | B75: 46038 | C75: =EOMONTH(B75,0) -> 46053 | D75: 76 | E75: 102 | F75: 13 | G75: 1 | H75: 16 | I75: 0 | J75: 1 | K75: 4 | L75: Isiah Thomas | M75: Collections Group | N75: 46038 | O75: 0.58363426 | P75: 0.95834491 | Q75: 9 | R75: 8.99 | S75: 2.67 | T75: 0.31 | U75: 0 | V75: 0.23 | W75: 4.3 | X75: 1.49 | Y75: 0 | Z75: 0 | AA75: 0 | AB75: 0 | AC75: 8.99 | AD75: 29.67 | AE75: 3.4 | AF75: 0 | AG75: 2.53 | AH75: 47.84 | AI75: 16.52 | AJ75: 0 | AK75: 0 | AL75: 0 | AM75: 0.04 | AN75: =WEEKDAY(B75,1) -> 6 | AO75: =VLOOKUP(AN75,$AY$2:$AZ$8,2,FALSE) -> Friday
A76: Jerrod Coleman | B76: 46038 | C76: =EOMONTH(B76,0) -> 46053 | D76: 75 | E76: 81 | F76: 8 | G76: 10 | H76: 7 | I76: 0 | J76: 6 | K76: 0 | L76: Jerrod Coleman | M76: Collections Group | N76: 46038 | O76: 0.58277778 | P76: 0.95791667 | Q76: 9 | R76: 8.96 | S76: 2.68 | T76: 0.34 | U76: 0 | V76: 0.38 | W76: 4.07 | X76: 1.48 | Y76: 0 | Z76: 0 | AA76: 0 | AB76: 0.01 | AC76: 8.96 | AD76: 29.85 | AE76: 3.81 | AF76: 0 | AG76: 4.29 | AH76: 45.38 | AI76: 16.53 | AJ76: 0 | AK76: 0 | AL76: 0 | AM76: 0.15 | AN76: =WEEKDAY(B76,1) -> 6 | AO76: =VLOOKUP(AN76,$AY$2:$AZ$8,2,FALSE) -> Friday
A77: Sabigh Masood | B77: 46038 | C77: =EOMONTH(B77,0) -> 46053 | D77: 1 | E77: 1 | F77: 1 | G77: 0 | H77: 0 | I77: 0 | J77: 0 | K77: 0 | AN77: =WEEKDAY(B77,1) -> 6 | AO77: =VLOOKUP(AN77,$AY$2:$AZ$8,2,FALSE) -> Friday
A78: Anais Orozco | B78: 46037 | C78: =EOMONTH(B78,0) -> 46053 | D78: 37 | E78: 57 | F78: 4 | G78: 8 | H78: 12 | I78: 1 | J78: 1 | K78: 19 | L78: Anais Orozco | M78: Collections Group | N78: 46037 | O78: 0.58355324 | P78: 0.96357639 | Q78: 9.12 | R78: 9.12 | S78: 2.68 | T78: 0.47 | U78: 0 | V78: 0.45 | W78: 2.84 | X78: 1.49 | Y78: 1.19 | Z78: 0 | AA78: 0 | AB78: 0.01 | AC78: 9.12 | AD78: 29.41 | AE78: 5.18 | AF78: 0 | AG78: 4.89 | AH78: 31.1 | AI78: 16.37 | AJ78: 13 | AK78: 0 | AL78: 0 | AM78: 0.05 | AN78: =WEEKDAY(B78,1) -> 5 | AO78: =VLOOKUP(AN78,$AY$2:$AZ$8,2,FALSE) -> Thursday
A79: Isiah Thomas | B79: 46037 | C79: =EOMONTH(B79,0) -> 46053 | D79: 31 | E79: 55 | F79: 4 | G79: 9 | H79: 16 | I79: 0 | J79: 1 | K79: 15 | L79: Isiah Thomas | M79: Collections Group | N79: 46037 | O79: 0.58340278 | P79: 0.9583912 | Q79: 9 | R79: 9 | S79: 2.8 | T79: 0.21 | U79: 0 | V79: 0.34 | W79: 2.26 | X79: 1.49 | Y79: 1.88 | Z79: 0 | AA79: 0.02 | AB79: 0 | AC79: 9 | AD79: 31.09 | AE79: 2.34 | AF79: 0 | AG79: 3.82 | AH79: 25.07 | AI79: 16.57 | AJ79: 20.9 | AK79: 0 | AL79: 0.18 | AM79: 0.03 | AN79: =WEEKDAY(B79,1) -> 5 | AO79: =VLOOKUP(AN79,$AY$2:$AZ$8,2,FALSE) -> Thursday
A80: Jerrod Coleman | B80: 46037 | C80: =EOMONTH(B80,0) -> 46053 | D80: 43 | E80: 63 | F80: 8 | G80: 6 | H80: 12 | I80: 0 | J80: 3 | K80: 21 | L80: Jerrod Coleman | M80: Collections Group | N80: 46037 | O80: 0.58319444 | P80: 0.95766204 | Q80: 9 | R80: 8.99 | S80: 1.91 | T80: 0.61 | U80: 0 | V80: 0.38 | W80: 3.34 | X80: 1.46 | Y80: 1.29 | Z80: 0 | AA80: 0 | AB80: 0.01 | AC80: 8.99 | AD80: 21.26 | AE80: 6.74 | AF80: 0 | AG80: 4.19 | AH80: 37.16 | AI80: 16.25 | AJ80: 14.34 | AK80: 0 | AL80: 0 | AM80: 0.06 | AN80: =WEEKDAY(B80,1) -> 5 | AO80: =VLOOKUP(AN80,$AY$2:$AZ$8,2,FALSE) -> Thursday
A81: Sabigh Masood | B81: 46037 | C81: =EOMONTH(B81,0) -> 46053 | D81: 48 | E81: 104 | F81: 7 | G81: 6 | H81: 20 | I81: 1 | J81: 0 | K81: 28 | L81: Sabigh Masood | M81: Collections Group | N81: 46037 | O81: 0.58325231 | P81: 0.95903935 | Q81: 9.03 | R81: 9.02 | S81: 2.38 | T81: 0.13 | U81: 0 | V81: 0.54 | W81: 3.19 | X81: 1.47 | Y81: 1.31 | Z81: 0 | AA81: 0 | AB81: 0 | AC81: 9.02 | AD81: 26.34 | AE81: 1.44 | AF81: 0 | AG81: 5.98 | AH81: 35.38 | AI81: 16.34 | AJ81: 14.47 | AK81: 0 | AL81: 0.02 | AM81: 0.03 | AN81: =WEEKDAY(B81,1) -> 5 | AO81: =VLOOKUP(AN81,$AY$2:$AZ$8,2,FALSE) -> Thursday
B82: 46037 | C82: =EOMONTH(B82,0) -> 46053 | D82: 808 | E82: 0 | F82: 0 | G82: 0 | H82: 0 | I82: 0 | J82: 0 | K82: 0 | AN82: =WEEKDAY(B82,1) -> 5 | AO82: =VLOOKUP(AN82,$AY$2:$AZ$8,2,FALSE) -> Thursday
A83: Anais Orozco | B83: 46036 | C83: =EOMONTH(B83,0) -> 46053 | D83: 51 | E83: 122 | F83: 6 | G83: 10 | H83: 18 | I83: 0 | J83: 0 | K83: 52 | L83: Anais Orozco | M83: Collections Group | N83: 46036 | O83: 0.5834838 | P83: 0.95871528 | Q83: 9 | R83: 8.29 | S83: 3.06 | T83: 0.5 | U83: 0 | V83: 0.41 | W83: 3.43 | X83: 0.79 | Y83: 0 | Z83: 0 | AA83: 0.07 | AB83: 0.03 | AC83: 8.29 | AD83: 36.91 | AE83: 6.04 | AF83: 0 | AG83: 4.98 | AH83: 41.34 | AI83: 9.56 | AJ83: 0 | AK83: 0 | AL83: 0.85 | AM83: 0.33 | AN83: =WEEKDAY(B83,1) -> 4 | AO83: =VLOOKUP(AN83,$AY$2:$AZ$8,2,FALSE) -> Wednesday
A84: Derice Warnsley | B84: 46036 | C84: =EOMONTH(B84,0) -> 46053 | D84: 72 | E84: 195 | F84: 6 | G84: 1 | H84: 16 | I84: 4 | J84: 2 | K84: 121 | L84: Derice Warnsley | M84: Collections Group | N84: 46036 | O84: 0.58355324 | P84: 0.95998843 | Q84: 9.03 | R84: 9.03 | S84: 3.16 | T84: 0 | U84: 0 | V84: 0.07 | W84: 4.23 | X84: 1.49 | Y84: 0.08 | Z84: 0 | AA84: 0 | AB84: 0.01 | AC84: 9.03 | AD84: 35.01 | AE84: 0 | AF84: 0 | AG84: 0.75 | AH84: 46.83 | AI84: 16.44 | AJ84: 0.91 | AK84: 0 | AL84: 0 | AM84: 0.06 | AN84: =WEEKDAY(B84,1) -> 4 | AO84: =VLOOKUP(AN84,$AY$2:$AZ$8,2,FALSE) -> Wednesday
A85: Isiah Thomas | B85: 46036 | C85: =EOMONTH(B85,0) -> 46053 | D85: 66 | E85: 169 | F85: 9 | G85: 7 | H85: 9 | I85: 1 | J85: 0 | K85: 90 | L85: Isiah Thomas | M85: Collections Group | N85: 46036 | O85: 0.5834375 | P85: 0.95944444 | Q85: 9.02 | R85: 8.8 | S85: 2.23 | T85: 0.22 | U85: 0 | V85: 0.24 | W85: 3.91 | X85: 1.3 | Y85: 0.89 | Z85: 0 | AA85: 0 | AB85: 0.01 | AC85: 8.8 | AD85: 25.36 | AE85: 2.47 | AF85: 0 | AG85: 2.79 | AH85: 44.41 | AI85: 14.82 | AJ85: 10.08 | AK85: 0 | AL85: 0 | AM85: 0.08 | AN85: =WEEKDAY(B85,1) -> 4 | AO85: =VLOOKUP(AN85,$AY$2:$AZ$8,2,FALSE) -> Wednesday
A86: Jerrod Coleman | B86: 46036 | C86: =EOMONTH(B86,0) -> 46053 | D86: 35 | E86: 78 | F86: 3 | G86: 3 | H86: 5 | I86: 0 | J86: 3 | K86: 43 | L86: Jerrod Coleman | M86: Collections Group | N86: 46036 | O86: 0.58303241 | P86: 0.83347222 | Q86: 6.02 | R86: 4.79 | S86: 1.11 | T86: 0.32 | U86: 0 | V86: 0.34 | W86: 2.53 | X86: 0.48 | Y86: 0 | Z86: 0 | AA86: 0 | AB86: 0.01 | AC86: 4.79 | AD86: 23.08 | AE86: 6.75 | AF86: 0 | AG86: 7.03 | AH86: 52.89 | AI86: 9.97 | AJ86: 0 | AK86: 0 | AL86: 0 | AM86: 0.27 | AN86: =WEEKDAY(B86,1) -> 4 | AO86: =VLOOKUP(AN86,$AY$2:$AZ$8,2,FALSE) -> Wednesday
A87: Mohd Ashfaq | B87: 46036 | C87: =EOMONTH(B87,0) -> 46053 | D87: 1 | E87: 3 | F87: 0 | G87: 1 | H87: 0 | I87: 0 | J87: 0 | K87: 0 | AN87: =WEEKDAY(B87,1) -> 4 | AO87: =VLOOKUP(AN87,$AY$2:$AZ$8,2,FALSE) -> Wednesday
A88: Sabigh Masood | B88: 46036 | C88: =EOMONTH(B88,0) -> 46053 | D88: 78 | E88: 225 | F88: 2 | G88: 4 | H88: 24 | I88: 2 | J88: 1 | K88: 119 | L88: Sabigh Masood | M88: Collections Group | N88: 46036 | O88: 0.58333333 | P88: 0.95896991 | Q88: 9 | R88: 9.02 | S88: 1.95 | T88: 0.13 | U88: 0 | V88: 0.6 | W88: 4.91 | X88: 1.42 | Y88: 0 | Z88: 0 | AA88: 0 | AB88: 0 | AC88: 9.02 | AD88: 21.61 | AE88: 1.46 | AF88: 0 | AG88: 6.66 | AH88: 54.5 | AI88: 15.73 | AJ88: 0 | AK88: 0 | AL88: 0 | AM88: 0.05 | AN88: =WEEKDAY(B88,1) -> 4 | AO88: =VLOOKUP(AN88,$AY$2:$AZ$8,2,FALSE) -> Wednesday
B89: 46036 | C89: =EOMONTH(B89,0) -> 46053 | D89: 1188 | E89: 0 | F89: 0 | G89: 0 | H89: 0 | I89: 0 | J89: 0 | K89: 0 | AN89: =WEEKDAY(B89,1) -> 4 | AO89: =VLOOKUP(AN89,$AY$2:$AZ$8,2,FALSE) -> Wednesday
A90: Anais Orozco | B90: 46035 | C90: =EOMONTH(B90,0) -> 46053 | D90: 62 | E90: 143 | F90: 6 | G90: 12 | H90: 6 | I90: 4 | J90: 4 | K90: 64 | L90: Anais Orozco | M90: Collections Group | N90: 46035 | O90: 0.58378472 | P90: 0.95840278 | Q90: 9 | R90: 8.99 | S90: 3.12 | T90: 0.23 | U90: 0 | V90: 0.62 | W90: 2.35 | X90: 1.46 | Y90: 1.21 | Z90: 0 | AA90: 0 | AB90: 0.01 | AC90: 8.99 | AD90: 34.7 | AE90: 2.58 | AF90: 0 | AG90: 6.85 | AH90: 26.11 | AI90: 16.24 | AJ90: 13.46 | AK90: 0 | AL90: 0 | AM90: 0.06 | AN90: =WEEKDAY(B90,1) -> 3 | AO90: =VLOOKUP(AN90,$AY$2:$AZ$8,2,FALSE) -> Tuesday
A91: Derice Warnsley | B91: 46035 | C91: =EOMONTH(B91,0) -> 46053 | D91: 68 | E91: 179 | F91: 16 | G91: 17 | H91: 17 | I91: 2 | J91: 8 | K91: 85 | L91: Derice Warnsley | M91: Collections Group | N91: 46035 | O91: 0.58311343 | P91: 0.96017361 | Q91: 9.05 | R91: 9.05 | S91: 3.37 | T91: 0.1 | U91: 0 | V91: 0.11 | W91: 3.36 | X91: 1.38 | Y91: 0.73 | Z91: 0 | AA91: 0 | AB91: 0.01 | AC91: 9.05 | AD91: 37.2 | AE91: 1.05 | AF91: 0 | AG91: 1.22 | AH91: 37.15 | AI91: 15.2 | AJ91: 8.09 | AK91: 0 | AL91: 0 | AM91: 0.1 | AN91: =WEEKDAY(B91,1) -> 3 | AO91: =VLOOKUP(AN91,$AY$2:$AZ$8,2,FALSE) -> Tuesday
A92: Isiah Thomas | B92: 46035 | C92: =EOMONTH(B92,0) -> 46053 | D92: 66 | E92: 173 | F92: 15 | G92: 11 | H92: 17 | I92: 0 | J92: 1 | K92: 88 | L92: Isiah Thomas | M92: Collections Group | N92: 46035 | O92: 0.58393519 | P92: 0.95846065 | Q92: 9 | R92: 8.99 | S92: 2.99 | T92: 0.52 | U92: 0 | V92: 0.49 | W92: 3.1 | X92: 1.51 | Y92: 0.38 | Z92: 0 | AA92: 0 | AB92: 0 | AC92: 8.99 | AD92: 33.27 | AE92: 5.74 | AF92: 0 | AG92: 5.42 | AH92: 34.5 | AI92: 16.84 | AJ92: 4.19 | AK92: 0 | AL92: 0 | AM92: 0.03 | AN92: =WEEKDAY(B92,1) -> 3 | AO92: =VLOOKUP(AN92,$AY$2:$AZ$8,2,FALSE) -> Tuesday
A93: Jerrod Coleman | B93: 46035 | C93: =EOMONTH(B93,0) -> 46053 | D93: 76 | E93: 173 | F93: 16 | G93: 6 | H93: 14 | I93: 1 | J93: 8 | K93: 85 | L93: Jerrod Coleman | M93: Collections Group | N93: 46035 | O93: 0.58324074 | P93: 0.96726852 | Q93: 9.22 | R93: 9.22 | S93: 2.96 | T93: 0.3 | U93: 0 | V93: 0.46 | W93: 3.3 | X93: 1.47 | Y93: 0.73 | Z93: 0 | AA93: 0 | AB93: 0 | AC93: 9.22 | AD93: 32.09 | AE93: 3.25 | AF93: 0 | AG93: 5.01 | AH93: 35.79 | AI93: 15.92 | AJ93: 7.91 | AK93: 0 | AL93: 0 | AM93: 0.04 | AN93: =WEEKDAY(B93,1) -> 3 | AO93: =VLOOKUP(AN93,$AY$2:$AZ$8,2,FALSE) -> Tuesday
A94: Sabigh Masood | B94: 46035 | C94: =EOMONTH(B94,0) -> 46053 | D94: 81 | E94: 230 | F94: 11 | G94: 9 | H94: 12 | I94: 0 | J94: 4 | K94: 118 | L94: Sabigh Masood | M94: Collections Group | N94: 46035 | O94: 0.58322917 | P94: 0.9594213 | Q94: 9.03 | R94: 9.03 | S94: 2.29 | T94: 0.25 | U94: 0 | V94: 0.54 | W94: 4.47 | X94: 1.44 | Y94: 0 | Z94: 0 | AA94: 0.03 | AB94: 0 | AC94: 9.03 | AD94: 25.42 | AE94: 2.79 | AF94: 0 | AG94: 5.97 | AH94: 49.47 | AI94: 15.95 | AJ94: 0 | AK94: 0 | AL94: 0.37 | AM94: 0.03 | AN94: =WEEKDAY(B94,1) -> 3 | AO94: =VLOOKUP(AN94,$AY$2:$AZ$8,2,FALSE) -> Tuesday
B95: 46035 | C95: =EOMONTH(B95,0) -> 46053 | D95: 1286 | E95: 0 | F95: 0 | G95: 0 | H95: 0 | I95: 0 | J95: 0 | K95: 0 | AN95: =WEEKDAY(B95,1) -> 3 | AO95: =VLOOKUP(AN95,$AY$2:$AZ$8,2,FALSE) -> Tuesday
A96: Anais Orozco | B96: 46034 | C96: =EOMONTH(B96,0) -> 46053 | D96: 45 | E96: 95 | F96: 5 | G96: 3 | H96: 5 | I96: 0 | J96: 0 | K96: 47 | L96: Anais Orozco | M96: Collections Group | N96: 46034 | O96: 0.58309028 | P96: 0.9583912 | Q96: 9.02 | R96: 8.17 | S96: 3.09 | T96: 0.22 | U96: 0 | V96: 0.42 | W96: 3.73 | X96: 0.69 | Y96: 0 | Z96: 0 | AA96: 0 | AB96: 0.02 | AC96: 8.17 | AD96: 37.86 | AE96: 2.65 | AF96: 0 | AG96: 5.15 | AH96: 45.61 | AI96: 8.45 | AJ96: 0 | AK96: 0 | AL96: 0 | AM96: 0.28 | AN96: =WEEKDAY(B96,1) -> 2 | AO96: =VLOOKUP(AN96,$AY$2:$AZ$8,2,FALSE) -> Monday
A97: Derice Warnsley | B97: 46034 | C97: =EOMONTH(B97,0) -> 46053 | D97: 63 | E97: 128 | F97: 10 | G97: 7 | H97: 7 | I97: 1 | J97: 2 | K97: 62 | L97: Derice Warnsley | M97: Collections Group | N97: 46034 | O97: 0.58328704 | P97: 0.95841435 | Q97: 9.02 | R97: 9 | S97: 2.51 | T97: 0.04 | U97: 0 | V97: 0.06 | W97: 4.89 | X97: 1.49 | Y97: 0 | Z97: 0 | AA97: 0 | AB97: 0 | AC97: 9 | AD97: 27.93 | AE97: 0.48 | AF97: 0 | AG97: 0.64 | AH97: 54.31 | AI97: 16.6 | AJ97: 0 | AK97: 0 | AL97: 0 | AM97: 0.04 | AN97: =WEEKDAY(B97,1) -> 2 | AO97: =VLOOKUP(AN97,$AY$2:$AZ$8,2,FALSE) -> Monday
A98: Isiah Thomas | B98: 46034 | C98: =EOMONTH(B98,0) -> 46053 | D98: 55 | E98: 157 | F98: 5 | G98: 2 | H98: 15 | I98: 0 | J98: 0 | K98: 99 | L98: Isiah Thomas | M98: Collections Group | N98: 46034 | O98: 0.5837963 | P98: 0.95837963 | Q98: 9 | R98: 8.99 | S98: 1.83 | T98: 0.41 | U98: 0 | V98: 0.3 | W98: 4.94 | X98: 1.5 | Y98: 0 | Z98: 0 | AA98: 0 | AB98: 0 | AC98: 8.99 | AD98: 20.41 | AE98: 4.53 | AF98: 0 | AG98: 3.36 | AH98: 54.93 | AI98: 16.74 | AJ98: 0 | AK98: 0 | AL98: 0 | AM98: 0.04 | AN98: =WEEKDAY(B98,1) -> 2 | AO98: =VLOOKUP(AN98,$AY$2:$AZ$8,2,FALSE) -> Monday
A99: Jerrod Coleman | B99: 46034 | C99: =EOMONTH(B99,0) -> 46053 | D99: 57 | E99: 128 | F99: 9 | G99: 4 | H99: 8 | I99: 0 | J99: 5 | K99: 64 | L99: Jerrod Coleman | M99: Collections Group | N99: 46034 | O99: 0.583125 | P99: 0.95777778 | Q99: 9 | R99: 8.99 | S99: 2.03 | T99: 0.22 | U99: 0 | V99: 0.35 | W99: 4.93 | X99: 1.46 | Y99: 0 | Z99: 0 | AA99: 0 | AB99: 0 | AC99: 8.99 | AD99: 22.57 | AE99: 2.44 | AF99: 0 | AG99: 3.93 | AH99: 54.8 | AI99: 16.22 | AJ99: 0 | AK99: 0 | AL99: 0 | AM99: 0.04 | AN99: =WEEKDAY(B99,1) -> 2 | AO99: =VLOOKUP(AN99,$AY$2:$AZ$8,2,FALSE) -> Monday
A100: Sabigh Masood | B100: 46034 | C100: =EOMONTH(B100,0) -> 46053 | D100: 58 | E100: 156 | F100: 11 | G100: 5 | H100: 6 | I100: 1 | J100: 0 | K100: 80 | L100: Sabigh Masood | M100: Collections Group | N100: 46034 | O100: 0.5834838 | P100: 0.96298611 | Q100: 9.1 | R100: 9.11 | S100: 2.21 | T100: 0.2 | U100: 0 | V100: 0.37 | W100: 4.37 | X100: 1.42 | Y100: 0.54 | Z100: 0 | AA100: 0 | AB100: 0 | AC100: 9.11 | AD100: 24.23 | AE100: 2.15 | AF100: 0 | AG100: 4.01 | AH100: 48.01 | AI100: 15.6 | AJ100: 5.97 | AK100: 0 | AL100: 0 | AM100: 0.03 | AN100: =WEEKDAY(B100,1) -> 2 | AO100: =VLOOKUP(AN100,$AY$2:$AZ$8,2,FALSE) -> Monday
...

Sheet Pivots
C3: UNIQUE_ACCNTS | D3: (Multiple Items) | P3: UNIQUE_ACCNTS | Q3: (Multiple Items)
C5: CALL_DATE | D5: Call_day | E5: Sum of UNIQUE_ACCNTS | F5: Sum of Total Contacted | G5: Average of TOTAL_TRACKED_HOURS | H5: Average of CALL_TIME_HOURS | I5: Average of EMAIL_TIME_HOURS | J5: Average of WRAP_TIME_HOURS | K5: Average of MEETING_TRAINING_HOURS | L5: Average of BREAK_LUNCH_HOURS | M5: Average of IDLE_TIME_HOURS | P5: Call_month | Q5: Sum of UNIQUE_ACCNTS | R5: Sum of Total Contacted | S5: Average of TOTAL_TRACKED_HOURS | T5: Average of CALL_TIME_HOURS | U5: Average of EMAIL_TIME_HOURS | V5: Average of WRAP_TIME_HOURS | W5: Average of MEETING_TRAINING_HOURS | X5: Average of BREAK_LUNCH_HOURS | Y5: Average of IDLE_TIME_HOURS
C6: 46057 | D6: Wednesday | E6: 1619 | F6: 179 | G6: 8.816 | H6: 3.144 | I6: 0.348 | J6: 0.39 | K6: 0 | L6: 1.31 | M6: 3.618 | P6: 46081 | Q6: 4767 | R6: 559 | S6: 8.8638462 | T6: 3.1761538 | U6: 0.40076923 | V6: 0.37153846 | W6: 0.076153846 | X6: 1.3369231 | Y6: 3.4915385
C7: 46056 | D7: Tuesday | E7: 1728 | F7: 272 | G7: 8.812 | H7: 3.212 | I7: 0.558 | J7: 0.392 | K7: 0 | L7: 1.314 | M7: 3.316 | P7: 46053 | Q7: 22226 | R7: 2734 | S7: 8.6537634 | T7: 2.5906452 | U7: 0.32010753 | V7: 0.37236559 | W7: 0.47612903 | X7: 1.3048387 | Y7: 3.5693548
C8: 46055 | D8: Monday | E8: 1420 | F8: 108 | G8: 9.03 | H8: 3.17 | I8: 0.22666667 | J8: 0.30666667 | K8: 0.33 | L8: 1.42 | M8: 3.5733333 | P8: 46022 | Q8: 20515 | R8: 2272 | S8: 8.425625 | T8: 2.092625 | U8: 0.31475 | V8: 0.385625 | W8: 0.341125 | X8: 1.2055 | Y8: 4.072375
C9: 46052 | D9: Friday | E9: 1506 | F9: 129 | G9: 7.926 | H9: 2.302 | I9: 0.31 | J9: 0.294 | K9: 0.248 | L9: 1.156 | M9: 3.596 | P9: 45991 | Q9: 19178 | R9: 2110 | S9: 8.8146914 | T9: 2.0165432 | U9: 0.54049383 | V9: 0.33222222 | W9: 0.39135802 | X9: 1.2648148 | Y9: 4.2433333
C10: 46051 | D10: Thursday | E10: 288 | F10: 80 | G10: 9.012 | H10: 2.362 | I10: 0.304 | J10: 0.362 | K10: 1.546 | L10: 1.46 | M10: 2.966 | P10: 45961 | Q10: 16628 | R10: 1921 | S10: 8.6252778 | T10: 3.0390741 | U10: 0.34601852 | V10: 0.20009259 | W10: 0.24981481 | X10: 1.2559259 | Y10: 3.5203704
C11: 46050 | D11: Wednesday | E11: 1595 | F11: 169 | G11: 7.848 | H11: 2.566 | I11: 0.346 | J11: 0.312 | K11: 0.202 | L11: 1.21 | M11: 3.186 | P11: 45930 | Q11: 13444 | R11: 1641 | S11: 8.6389691 | T11: 2.375567 | U11: 0.26381443 | V11: 0.33247423 | W11: 0.24536082 | X11: 1.2196907 | Y11: 4.1845361
C12: 46049 | D12: Tuesday | E12: 1659 | F12: 235 | G12: 8.816 | H12: 2.866 | I12: 0.466 | J12: 0.39 | K12: 0 | L12: 1.304 | M12: 3.758 | P12: 45900 | Q12: 11715 | R12: 1328 | S12: 8.7753125 | T12: 1.3819792 | U12: 0.19458333 | V12: 0.24125 | W12: 0.5165625 | X12: 1.2847917 | Y12: 5.124375
C13: 46048 | D13: Monday | E13: 1481 | F13: 153 | G13: 8.854 | H13: 2.286 | I13: 0.392 | J13: 0.288 | K13: 0.194 | L13: 1.296 | M13: 4.388 | P13: 45869 | Q13: 13495 | R13: 1445 | S13: 8.6698039 | T13: 1.1633333 | U13: 0.2177451 | V13: 0.25960784 | W13: 0.31156863 | X13: 1.1983333 | Y13: 5.4922549
C14: 46045 | D14: Friday | E14: 257 | F14: 77 | G14: 9.1 | H14: 2.64 | I14: 0.3325 | J14: 0.35 | K14: 0.3625 | L14: 1.575 | M14: 3.835 | P14: 45838 | Q14: 12826 | R14: 1312 | S14: 8.3987912 | T14: 1.2889011 | U14: 0.2521978 | V14: 0.31879121 | W14: 0.27582418 | X14: 1.0885714 | Y14: 5.1435165
C15: 46044 | D15: Thursday | E15: 1375 | F15: 83 | G15: 8.96 | H15: 1.926 | I15: 0.116 | J15: 0.238 | K15: 1.586 | L15: 1.352 | M15: 3.72 | P15: 45808 | Q15: 15346 | R15: 1548 | S15: 8.590885 | T15: 1.1486726 | U15: 0.19982301 | V15: 0.23212389 | W15: 0.26707965 | X15: 1.2180531 | Y15: 5.5012389
C16: 46043 | D16: Wednesday | E16: 1689 | F16: 182 | G16: 8.996 | H16: 3.006 | I16: 0.39 | J16: 0.378 | K16: 0.958 | L16: 1.436 | M16: 2.802 | P16: 45777 | Q16: 16926 | R16: 1576 | S16: 8.6095 | T16: 1.0612 | U16: 0.1673 | V16: 0.2219 | W16: 0.2805 | X16: 1.1875 | Y16: 5.6498
C17: 46042 | D17: Tuesday | E17: 410 | F17: 129 | G17: 8.856 | H17: 3.636 | I17: 0.514 | J17: 0.426 | K17: 0.042 | L17: 1.3 | M17: 2.896 | P17: 45747 | Q17: 17692 | R17: 1437 | S17: 8.6172368 | T17: 1.3856579 | U17: 0.16276316 | V17: 0.24894737 | W17: 0.30973684 | X17: 1.1594737 | Y17: 5.3068421
... C19: 46037 | D19: Thursday | E19: 967 | F19: 119 | G19: 9.0325 | H19: 2.4425 | I19: 0.355 | J19: 0.4275 | K19: 1.4175 | L19: 1.4775 | M19: 2.9075 | P19: 45688 | Q19: 20343 | R19: 1911 | S19: 8.7367273 | T19: 1.4046364 | U19: 0.25263636 | V19: 0.27854545 | W19: 0.539 | X19: 1.3459091 | Y19: 4.8787273
C20: 46036 | D20: Wednesday | E20: 1490 | F20: 136 | G20: 7.986 | H20: 2.302 | I20: 0.234 | J20: 0.332 | K20: 0.194 | L20: 1.096 | M20: 3.802 | P20: Grand Total | Q20: 223571 | R20: 23393 | S20: 8.6354792 | T20: 1.7268051 | U20: 0.26301118 | V20: 0.28310703 | W20: 0.35622204 | X20: 1.2319569 | Y20: 4.7473323
C21: 46035 | D21: Tuesday | E21: 1639 | F21: 217 | G21: 9.056 | H21: 2.946 | I21: 0.28 | J21: 0.444 | K21: 0.61 | L21: 1.452 | M21: 3.316
C22: 46034 | D22: Monday | E22: 1449 | F22: 111 | G22: 8.852 | H22: 2.334 | I22: 0.218 | J22: 0.3 | K22: 0.108 | L22: 1.312 | M22: 4.572
C23: 46031 | D23: Friday | E23: 1598 | F23: 151 | G23: 8.852 | H23: 2.528 | I23: 0.252 | J23: 0.424 | K23: 0.102 | L23: 1.392 | M23: 4.144
C24: 46030 | D24: Thursday | E24: 236 | F24: 87 | G24: 8.85 | H24: 2.502 | I24: 0.28 | J24: 0.388 | K24: 1.374 | L24: 1.284 | M24: 2.934
C25: 46029 | D25: Wednesday | E25: 1557 | F25: 212 | G25: 8.83 | H25: 2.726 | I25: 0.4 | J25: 0.434 | K25: 0 | L25: 1.308 | M25: 3.95
C26: 46028 | D26: Tuesday | E26: 255 | F26: 93 | G26: 7.572 | H26: 2.436 | I26: 0.172 | J26: 0.41 | K26: 0 | L26: 1.018 | M26: 3.532
C27: 46027 | D27: Monday | E27: 1480 | F27: 171 | G27: 8.4825 | H27: 2.6 | I27: 0.4575 | J27: 0.4125 | K27: 0.1925 | L27: 1.44 | M27: 3.375
C28: 46024 | D28: Friday | E28: 1078 | F28: 117 | G28: 8.6933333 | H28: 2.87 | I28: 0.25 | J28: 0.53666667 | K28: 0 | L28: 1.0966667 | M28: 3.9266667
C29: 46021 | D29: Tuesday | E29: 39 | F29: 37 | G29: 5.99 | H29: 2.495 | I29: 0.005 | J29: 0.17 | K29: 0 | L29: 0.415 | M29: 2.895
C30: 46020 | D30: Monday | E30: 47 | F30: 33 | G30: 6.005 | H30: 1.7 | I30: 0.005 | J30: 0.065 | K30: 0 | L30: 0.49 | M30: 3.745
C31: 46014 | D31: Tuesday | E31: 239 | F31: 85 | G31: 7.78 | H31: 2.26 | I31: 0.2925 | J31: 0.465 | K31: 0 | L31: 1.15 | M31: 3.5925
C32: 46013 | D32: Monday | E32: 1266 | F32: 110 | G32: 8.02 | H32: 2.27 | I32: 0.2275 | J32: 0.3475 | K32: 0.3 | L32: 1.2725 | M32: 3.575
... C276: 45659 | D276: Thursday | E276: 167 | F276: 161 | G276: 9.0575 | H276: 2.9325 | I276: 0.7525 | J276: 0.345 | K276: 0.21 | L276: 1.4725 | M276: 3.25
D277: (blank) | E277: 841 | F277: 0
C278: Grand Total | E278: 223571 | F278: 23393 | G278: 8.6354792 | H278: 1.7268051 | I278: 0.26301118 | J278: 0.28310703 | K278: 0.35622204 | L278: 1.2319569 | M278: 4.7473323

Sheet Summary
C3: Monthly Agent Efficiency
C5: =Pivots!P5 -> Call_month | D5: Total Dials | E5: Total Connected | F5: Avg Prod Hrs | G5: Call Hrs | H5: Email Hrs | I5: Wrap Hrs | J5: Meeting Hrs | K5: Break hrs | L5: Idle Hrs | M5: Occupancy %age | N5: Idle %age | O5: Break %age
C6: =Pivots!P6 -> 46081 | D6: =Pivots!Q6 -> 4767 | E6: =Pivots!R6 -> 559 | F6: =Pivots!S6 -> 8.8638462 | G6: =Pivots!T6 -> 3.1761538 | H6: =Pivots!U6 -> 0.40076923 | I6: =Pivots!V6 -> 0.37153846 | J6: =Pivots!W6 -> 0.076153846 | ... L6: =Pivots!Y6 -> 3.4915385 | M6: =SUM(G6:J6)/F6 -> 0.45404842 | N6: =L6/F6 -> 0.39390784 | O6: =K6/F6 -> 0.15082878
C7: =Pivots!P7 -> 46053 | D7: =Pivots!Q7 -> 22226 | E7: =Pivots!R7 -> 2734 | F7: =Pivots!S7 -> 8.6537634 | G7: =Pivots!T7 -> 2.5906452 | H7: =Pivots!U7 -> 0.32010753 | I7: =Pivots!V7 -> 0.37236559 | J7: =Pivots!W7 -> 0.47612903 | ... L7: =Pivots!Y7 -> 3.5693548 | M7: =SUM(G7:J7)/F7 -> 0.43440606 | N7: =L7/F7 -> 0.41246272 | O7: =K7/F7 -> 0.1507828
C8: =Pivots!P8 -> 46022 | D8: =Pivots!Q8 -> 20515 | E8: =Pivots!R8 -> 2272 | F8: =Pivots!S8 -> 8.425625 | G8: =Pivots!T8 -> 2.092625 | H8: =Pivots!U8 -> 0.31475 | I8: =Pivots!V8 -> 0.385625 | J8: =Pivots!W8 -> 0.341125 | ... L8: =Pivots!Y8 -> 4.072375 | M8: =SUM(G8:J8)/F8 -> 0.37197537 | N8: =L8/F8 -> 0.4833321 | O8: =K8/F8 -> 0.14307544
C9: =Pivots!P9 -> 45991 | D9: =Pivots!Q9 -> 19178 | E9: =Pivots!R9 -> 2110 | F9: =Pivots!S9 -> 8.8146914 | G9: =Pivots!T9 -> 2.0165432 | H9: =Pivots!U9 -> 0.54049383 | I9: =Pivots!V9 -> 0.33222222 | J9: =Pivots!W9 -> 0.39135802 | ... L9: =Pivots!Y9 -> 4.2433333 | M9: =SUM(G9:J9)/F9 -> 0.37217608 | N9: =L9/F9 -> 0.4813933 | O9: =K9/F9 -> 0.1434894
C10: =Pivots!P10 -> 45961 | D10: =Pivots!Q10 -> 16628 | E10: =Pivots!R10 -> 1921 | F10: =Pivots!S10 -> 8.6252778 | G10: =Pivots!T10 -> 3.0390741 | H10: =Pivots!U10 -> 0.34601852 | I10: =Pivots!V10 -> 0.20009259 | J10: =Pivots!W10 -> 0.24981481 | ... L10: =Pivots!Y10 -> 3.5203704 | M10: =SUM(G10:J10)/F10 -> 0.44462336 | N10: =L10/F10 -> 0.40814574 | O10: =K10/F10 -> 0.14560991
C11: =Pivots!P11 -> 45930 | D11: =Pivots!Q11 -> 13444 | E11: =Pivots!R11 -> 1641 | F11: =Pivots!S11 -> 8.6389691 | G11: =Pivots!T11 -> 2.375567 | H11: =Pivots!U11 -> 0.26381443 | I11: =Pivots!V11 -> 0.33247423 | J11: =Pivots!W11 -> 0.24536082 | ... L11: =Pivots!Y11 -> 4.1845361 | M11: =SUM(G11:J11)/F11 -> 0.37240746 | N11: =L11/F11 -> 0.4843791 | O11: =K11/F11 -> 0.14118475
C12: =Pivots!P12 -> 45900 | D12: =Pivots!Q12 -> 11715 | E12: =Pivots!R12 -> 1328 | F12: =Pivots!S12 -> 8.7753125 | G12: =Pivots!T12 -> 1.3819792 | H12: =Pivots!U12 -> 0.19458333 | I12: =Pivots!V12 -> 0.24125 | J12: =Pivots!W12 -> 0.5165625 | ... L12: =Pivots!Y12 -> 5.124375 | M12: =SUM(G12:J12)/F12 -> 0.26601617 | N12: =L12/F12 -> 0.58395356 | O12: =K12/F12 -> 0.14640979
C13: =Pivots!P13 -> 45869 | D13: =Pivots!Q13 -> 13495 | E13: =Pivots!R13 -> 1445 | F13: =Pivots!S13 -> 8.6698039 | G13: =Pivots!T13 -> 1.1633333 | H13: =Pivots!U13 -> 0.2177451 | I13: =Pivots!V13 -> 0.25960784 | J13: =Pivots!W13 -> 0.31156863 | ... L13: =Pivots!Y13 -> 5.4922549 | M13: =SUM(G13:J13)/F13 -> 0.22517867 | N13: =L13/F13 -> 0.6334924 | O13: =K13/F13 -> 0.1382192
C14: =Pivots!P14 -> 45838 | D14: =Pivots!Q14 -> 12826 | E14: =Pivots!R14 -> 1312 | F14: =Pivots!S14 -> 8.3987912 | G14: =Pivots!T14 -> 1.2889011 | H14: =Pivots!U14 -> 0.2521978 | I14: =Pivots!V14 -> 0.31879121 | J14: =Pivots!W14 -> 0.27582418 | ... L14: =Pivots!Y14 -> 5.1435165 | M14: =SUM(G14:J14)/F14 -> 0.25428829 | N14: =L14/F14 -> 0.61241152 | O14: =K14/F14 -> 0.12961049
C15: =Pivots!P15 -> 45808 | D15: =Pivots!Q15 -> 15346 | E15: =Pivots!R15 -> 1548 | F15: =Pivots!S15 -> 8.590885 | G15: =Pivots!T15 -> 1.1486726 | H15: =Pivots!U15 -> 0.19982301 | I15: =Pivots!V15 -> 0.23212389 | J15: =Pivots!W15 -> 0.26707965 | ... L15: =Pivots!Y15 -> 5.5012389 | M15: =SUM(G15:J15)/F15 -> 0.21507669 | N15: =L15/F15 -> 0.64035765 | O15: =K15/F15 -> 0.14178436
C16: =Pivots!P16 -> 45777 | D16: =Pivots!Q16 -> 16926 | E16: =Pivots!R16 -> 1576 | F16: =Pivots!S16 -> 8.6095 | G16: =Pivots!T16 -> 1.0612 | H16: =Pivots!U16 -> 0.1673 | I16: =Pivots!V16 -> 0.2219 | J16: =Pivots!W16 -> 0.2805 | ... L16: =Pivots!Y16 -> 5.6498 | M16: =SUM(G16:J16)/F16 -> 0.20104536 | N16: =L16/F16 -> 0.65622858 | O16: =K16/F16 -> 0.13792903
C17: =Pivots!P17 -> 45747 | D17: =Pivots!Q17 -> 17692 | E17: =Pivots!R17 -> 1437 | F17: =Pivots!S17 -> 8.6172368 | G17: =Pivots!T17 -> 1.3856579 | H17: =Pivots!U17 -> 0.16276316 | I17: =Pivots!V17 -> 0.24894737 | J17: =Pivots!W17 -> 0.30973684 | ... L17: =Pivots!Y17 -> 5.3068421 | M17: =SUM(G17:J17)/F17 -> 0.24452215 | N17: =L17/F17 -> 0.61584034 | O17: =K17/F17 -> 0.13455284
... C19: =Pivots!P19 -> 45688 | D19: =Pivots!Q19 -> 20343 | E19: =Pivots!R19 -> 1911 | F19: =Pivots!S19 -> 8.7367273 | G19: =Pivots!T19 -> 1.4046364 | H19: =Pivots!U19 -> 0.25263636 | I19: =Pivots!V19 -> 0.27854545 | J19: =Pivots!W19 -> 0.539 | ... L19: =Pivots!Y19 -> 4.8787273 | M19: =SUM(G19:J19)/F19 -> 0.28326605 | N19: =L19/F19 -> 0.55841588 | O19: =K19/F19 -> 0.15405186
C22: Metrics | D22: State | E22: Reason
C23: Call hrs | D23: On Call
D24: On Voicemail
D25: Not Ready | E25: Outbound Calls - Manual
C26: Email Hrs | D26: Not Ready | E26: Email
C27: Wrap Hrs | D27: After Call Work
D28: Not Ready | E28: Extended Research
E29: Tech Issue
E30: Wrap up
E31: Task Completion
E32: System
C33: Meeting Hrs | D33: Not Ready | E33: Team Meeting
E34: Meeting
C35: Break Hrs | D35: Not Ready | E35: Appointment
E36: Break
E37: Lunch
C38: Idle Hrs | D38: Ready

Sheet State and reason 
A1: STATE | B1: REASON_CODE
A2: Logout | B2: Meal
A3: Not Ready | B3: Not Ready
A4: Ready | E4: STATE | F4: REASON_CODE
A5: Not Ready | B5: Break | E5: After Call Work | F5: (blank)
A6: On Hold | E6: DID Ringing | F6: (blank)
A7: Logout | B7: Forced | E7: Login | F7: (blank)
A8: Login | E8: Logout | F8: End Shift
A9: On Voicemail | F9: Forced
A10: Not Ready | B10: Training | F10: Logout
A11: Not Ready | B11: Outbound Calls - Manual | F11: Meal
A12: Not Ready | B12: System | F12: No Reason
A13: Not Ready | B13: Appointment | F13: System
A14: Logout | B14: Logout | F14: (blank)
A15: Not Ready | B15: Meeting | E15: Not Ready | F15: Appointment
A16: Not Ready | B16: Tech Issues | F16: Break
A17: Not Ready | B17: Extended Research | F17: Email
A18: Not Ready | B18: Wrap-Up | F18: Extended Research
A19: Not Ready | B19: SMS | F19: Forced
A20: On Call | F20: Lunch
A21: After Call Work | F21: Meeting
A22: DID Ringing | F22: No Reason
A23: On Park | F23: Not Ready
A24: Logout | B24: System | F24: Outbound Calls - Manual
A25: Not Ready | B25: Task Completion | F25: SMS
A26: Not Ready | B26: No Reason | F26: System
A27: Not Ready | B27: Forced | F27: Task Completion
A28: Not Ready | B28: Team Meeting | F28: Team Meeting
A29: Logout | B29: No Reason | F29: Tech Issues
A30: Not Ready | B30: Email | F30: Training
A31: Ringing | F31: Wrap-Up
A32: Logout | B32: End Shift | E32: On Call | F32: (blank)
A33: Not Ready | B33: Lunch | E33: On Hold | F33: (blank)
A34: Logout | E34: On Park | F34: (blank)
E35: On Voicemail | F35: (blank)
E36: Ready | F36: (blank)
E37: Ringing | F37: (blank)
E38: Grand Total
